amount,transactionAmountLevel,taxHavenRiskLevel,transactionType,isFraud
331.95,LOW,NONE,DOMESTIC,0
54.04,LOW,NONE,DOMESTIC,0
605.91,MEDIUM,NONE,DOMESTIC,0
783.2,MEDIUM,NONE,DOMESTIC,0
15.8,LOW,NONE,DOMESTIC,0
37.93,LOW,NONE,DOMESTIC,0
261.44,LOW,LOW,DOMESTIC,0
143.55,LOW,NONE,INTERNATIONAL,0
215.07,LOW,NONE,INTERNATIONAL,0
69.55,LOW,NONE,DOMESTIC,0
721.13,MEDIUM,NONE,DOMESTIC,0
628.7,MEDIUM,NONE,DOMESTIC,0
240.51,LOW,NONE,DOMESTIC,0
1007.68,HIGH,NONE,INTERNATIONAL,0
413.54,LOW,NONE,DOMESTIC,0
68.96,LOW,NONE,DOMESTIC,0
361.93,LOW,NONE,DOMESTIC,0
60.29,LOW,NONE,DOMESTIC,0
720.2,MEDIUM,NONE,INTERNATIONAL,0
205.66,LOW,NONE,DOMESTIC,0
171.41,LOW,NONE,DOMESTIC,0
87.74,LOW,NONE,DOMESTIC,0
1146.03,HIGH,NONE,INTERNATIONAL,0
178.58,LOW,NONE,DOMESTIC,0
123.39,LOW,HIGH,INTERNATIONAL,0
136.76,LOW,NONE,INTERNATIONAL,1
451.35,LOW,NONE,DOMESTIC,0
360.31,LOW,NONE,INTERNATIONAL,0
384.07,LOW,NONE,DOMESTIC,0
393.56,LOW,NONE,DOMESTIC,0
3963.38,HIGH,NONE,DOMESTIC,1
127.1,LOW,NONE,DOMESTIC,0
110.18,LOW,NONE,DOMESTIC,0
73.33,LOW,NONE,DOMESTIC,0
505.32,MEDIUM,NONE,DOMESTIC,0
1010.03,HIGH,NONE,DOMESTIC,0
188.63,LOW,NONE,DOMESTIC,0
70.77,LOW,NONE,DOMESTIC,0
72.28,LOW,NONE,DOMESTIC,0
529.5,MEDIUM,NONE,INTERNATIONAL,0
600.05,MEDIUM,NONE,INTERNATIONAL,0
458.01,LOW,NONE,DOMESTIC,0
89.59,LOW,NONE,DOMESTIC,0
300.98,LOW,NONE,DOMESTIC,0
257.53,LOW,HIGH,INTERNATIONAL,0
295.56,LOW,NONE,DOMESTIC,0
713.41,MEDIUM,MEDIUM,INTERNATIONAL,0
297.52,LOW,NONE,DOMESTIC,0
550.13,MEDIUM,NONE,DOMESTIC,0
241.02,LOW,NONE,DOMESTIC,0
325.04,LOW,NONE,DOMESTIC,0
515.88,MEDIUM,MEDIUM,INTERNATIONAL,0
30.77,LOW,NONE,DOMESTIC,0
142.89,LOW,NONE,DOMESTIC,0
116.59,LOW,NONE,DOMESTIC,0
92.86,LOW,NONE,DOMESTIC,0
151.74,LOW,NONE,DOMESTIC,0
1655.4,HIGH,NONE,DOMESTIC,0
68.36,LOW,NONE,DOMESTIC,0
813.06,MEDIUM,NONE,DOMESTIC,0
22.69,LOW,NONE,DOMESTIC,0
139.98,LOW,NONE,DOMESTIC,0
274.06,LOW,NONE,DOMESTIC,0
485.43,LOW,NONE,DOMESTIC,1
574.66,MEDIUM,NONE,INTERNATIONAL,0
642.04,MEDIUM,NONE,DOMESTIC,0
137.39,LOW,NONE,DOMESTIC,0
117.85,LOW,NONE,INTERNATIONAL,0
700.57,MEDIUM,NONE,DOMESTIC,0
169.93,LOW,LOW,DOMESTIC,0
39.31,LOW,NONE,DOMESTIC,0
47.64,LOW,NONE,DOMESTIC,0
63.58,LOW,NONE,DOMESTIC,0
430.43,LOW,NONE,INTERNATIONAL,0
266.64,LOW,HIGH,INTERNATIONAL,1
558.8,MEDIUM,NONE,DOMESTIC,0
123.57,LOW,NONE,DOMESTIC,0
272.5,LOW,NONE,INTERNATIONAL,0
511.92,MEDIUM,NONE,DOMESTIC,0
144.9,LOW,NONE,DOMESTIC,0
407.6,LOW,NONE,DOMESTIC,0
90.02,LOW,NONE,DOMESTIC,0
134.76,LOW,NONE,DOMESTIC,0
131.4,LOW,NONE,DOMESTIC,0
43.78,LOW,NONE,DOMESTIC,0
424.55,LOW,NONE,DOMESTIC,0
116.74,LOW,NONE,INTERNATIONAL,0
223.74,LOW,NONE,DOMESTIC,0
421.0,LOW,NONE,DOMESTIC,0
402.0,LOW,NONE,DOMESTIC,0
540.18,MEDIUM,NONE,DOMESTIC,0
192.61,LOW,NONE,INTERNATIONAL,0
124.23,LOW,NONE,INTERNATIONAL,0
197.55,LOW,NONE,DOMESTIC,0
22.55,LOW,NONE,DOMESTIC,0
31.19,LOW,NONE,DOMESTIC,0
36.89,LOW,NONE,DOMESTIC,0
57.25,LOW,NONE,DOMESTIC,0
377.41,LOW,NONE,DOMESTIC,0
64.8,LOW,NONE,DOMESTIC,0
132.04,LOW,NONE,DOMESTIC,0
1271.03,HIGH,NONE,DOMESTIC,0
136.0,LOW,NONE,DOMESTIC,0
595.42,MEDIUM,NONE,DOMESTIC,0
62.38,LOW,NONE,DOMESTIC,0
166.72,LOW,NONE,DOMESTIC,0
61.01,LOW,NONE,DOMESTIC,0
139.2,LOW,NONE,DOMESTIC,0
684.06,MEDIUM,NONE,DOMESTIC,0
21.36,LOW,NONE,INTERNATIONAL,0
395.48,LOW,LOW,INTERNATIONAL,0
303.25,LOW,NONE,DOMESTIC,0
98.64,LOW,NONE,DOMESTIC,0
31.23,LOW,NONE,DOMESTIC,0
242.5,LOW,NONE,DOMESTIC,0
107.64,LOW,NONE,DOMESTIC,0
301.19,LOW,NONE,DOMESTIC,0
226.59,LOW,NONE,DOMESTIC,0
1912.24,HIGH,NONE,DOMESTIC,0
159.25,LOW,NONE,DOMESTIC,0
55.25,LOW,NONE,DOMESTIC,0
280.24,LOW,NONE,DOMESTIC,0
296.08,LOW,NONE,DOMESTIC,0
1378.2,HIGH,NONE,DOMESTIC,1
679.28,MEDIUM,NONE,DOMESTIC,1
356.17,LOW,NONE,DOMESTIC,0
1586.18,HIGH,NONE,DOMESTIC,0
44.2,LOW,NONE,DOMESTIC,0
92.76,LOW,HIGH,INTERNATIONAL,0
62.98,LOW,NONE,DOMESTIC,0
129.98,LOW,MEDIUM,DOMESTIC,0
34.3,LOW,NONE,DOMESTIC,0
518.57,MEDIUM,NONE,INTERNATIONAL,0
162.98,LOW,NONE,INTERNATIONAL,0
30.21,LOW,NONE,INTERNATIONAL,0
55.85,LOW,NONE,DOMESTIC,0
335.92,LOW,NONE,DOMESTIC,0
682.05,MEDIUM,NONE,DOMESTIC,0
3259.13,HIGH,NONE,DOMESTIC,0
11241.21,HIGH,NONE,DOMESTIC,0
384.94,LOW,LOW,DOMESTIC,1
57.84,LOW,NONE,DOMESTIC,0
12.37,LOW,NONE,INTERNATIONAL,0
315.78,LOW,NONE,DOMESTIC,0
73.42,LOW,NONE,DOMESTIC,0
125.57,LOW,NONE,DOMESTIC,0
96.28,LOW,NONE,INTERNATIONAL,0
181.92,LOW,LOW,INTERNATIONAL,0
927.69,MEDIUM,NONE,DOMESTIC,0
271.96,LOW,NONE,INTERNATIONAL,0
177.59,LOW,MEDIUM,INTERNATIONAL,0
54.35,LOW,NONE,INTERNATIONAL,0
22.94,LOW,NONE,INTERNATIONAL,0
114.1,LOW,NONE,DOMESTIC,0
204.59,LOW,NONE,INTERNATIONAL,0
2393.07,HIGH,NONE,DOMESTIC,0
262.3,LOW,NONE,DOMESTIC,0
829.09,MEDIUM,NONE,DOMESTIC,0
112.12,LOW,HIGH,INTERNATIONAL,1
44.43,LOW,NONE,INTERNATIONAL,0
59.78,LOW,NONE,DOMESTIC,0
82.65,LOW,NONE,INTERNATIONAL,1
3893.49,HIGH,LOW,DOMESTIC,1
72.58,LOW,NONE,DOMESTIC,0
682.38,MEDIUM,NONE,DOMESTIC,0
65.02,LOW,MEDIUM,INTERNATIONAL,1
773.75,MEDIUM,NONE,DOMESTIC,0
369.93,LOW,NONE,DOMESTIC,0
178.07,LOW,NONE,DOMESTIC,0
208.22,LOW,NONE,DOMESTIC,0
90.89,LOW,NONE,DOMESTIC,0
401.75,LOW,MEDIUM,INTERNATIONAL,0
119.03,LOW,NONE,DOMESTIC,0
42.06,LOW,NONE,INTERNATIONAL,0
39.19,LOW,NONE,DOMESTIC,0
277.72,LOW,LOW,INTERNATIONAL,0
1854.56,HIGH,NONE,DOMESTIC,0
273.04,LOW,NONE,DOMESTIC,0
187.44,LOW,MEDIUM,DOMESTIC,1
323.6,LOW,NONE,DOMESTIC,0
1282.71,HIGH,NONE,DOMESTIC,0
295.83,LOW,NONE,INTERNATIONAL,0
126.33,LOW,NONE,DOMESTIC,0
979.57,MEDIUM,NONE,DOMESTIC,0
392.47,LOW,NONE,DOMESTIC,0
1749.17,HIGH,NONE,INTERNATIONAL,0
281.74,LOW,NONE,DOMESTIC,0
42.12,LOW,NONE,DOMESTIC,0
34.7,LOW,NONE,DOMESTIC,0
2043.42,HIGH,NONE,DOMESTIC,0
2254.26,HIGH,NONE,DOMESTIC,0
172.65,LOW,NONE,DOMESTIC,0
131.15,LOW,HIGH,DOMESTIC,0
1582.21,HIGH,NONE,DOMESTIC,0
49.36,LOW,NONE,DOMESTIC,0
65.74,LOW,NONE,DOMESTIC,0
524.33,MEDIUM,NONE,INTERNATIONAL,0
129.14,LOW,MEDIUM,DOMESTIC,0
218.48,LOW,NONE,DOMESTIC,0
176.44,LOW,NONE,DOMESTIC,0
347.01,LOW,NONE,DOMESTIC,0
1471.04,HIGH,NONE,INTERNATIONAL,0
248.62,LOW,NONE,DOMESTIC,0
524.76,MEDIUM,NONE,DOMESTIC,0
13.82,LOW,NONE,DOMESTIC,0
206.0,LOW,NONE,DOMESTIC,0
70.48,LOW,NONE,INTERNATIONAL,0
42.45,LOW,NONE,DOMESTIC,0
67.23,LOW,NONE,DOMESTIC,0
140.13,LOW,NONE,INTERNATIONAL,0
757.55,MEDIUM,MEDIUM,INTERNATIONAL,0
36.71,LOW,NONE,DOMESTIC,0
229.29,LOW,NONE,DOMESTIC,0
114.43,LOW,NONE,DOMESTIC,0
141.35,LOW,HIGH,INTERNATIONAL,0
851.8,MEDIUM,NONE,DOMESTIC,0
454.9,LOW,NONE,DOMESTIC,0
1338.25,HIGH,NONE,INTERNATIONAL,1
178.58,LOW,NONE,DOMESTIC,0
85.98,LOW,NONE,DOMESTIC,0
162.62,LOW,MEDIUM,DOMESTIC,1
305.21,LOW,NONE,INTERNATIONAL,0
279.22,LOW,LOW,DOMESTIC,0
50.89,LOW,NONE,DOMESTIC,0
248.59,LOW,NONE,DOMESTIC,0
299.39,LOW,NONE,INTERNATIONAL,0
6582.81,HIGH,NONE,INTERNATIONAL,0
2772.12,HIGH,NONE,DOMESTIC,0
69.53,LOW,NONE,DOMESTIC,0
149.26,LOW,NONE,INTERNATIONAL,0
30.51,LOW,NONE,INTERNATIONAL,0
99.1,LOW,NONE,DOMESTIC,0
336.87,LOW,NONE,DOMESTIC,0
1120.5,HIGH,NONE,INTERNATIONAL,0
82.22,LOW,NONE,INTERNATIONAL,0
90.97,LOW,NONE,DOMESTIC,0
12.12,LOW,NONE,DOMESTIC,0
176.62,LOW,NONE,DOMESTIC,0
52.42,LOW,LOW,INTERNATIONAL,0
107.65,LOW,NONE,DOMESTIC,0
67.35,LOW,NONE,DOMESTIC,0
193.71,LOW,NONE,DOMESTIC,0
20.51,LOW,NONE,INTERNATIONAL,0
30.36,LOW,NONE,INTERNATIONAL,0
3897.58,HIGH,NONE,INTERNATIONAL,1
38.69,LOW,NONE,DOMESTIC,0
50.05,LOW,NONE,INTERNATIONAL,0
2626.64,HIGH,NONE,INTERNATIONAL,0
11108.53,HIGH,MEDIUM,DOMESTIC,0
45.24,LOW,NONE,DOMESTIC,0
133.82,LOW,NONE,INTERNATIONAL,0
348.88,LOW,NONE,DOMESTIC,0
2269.62,HIGH,NONE,DOMESTIC,0
58.05,LOW,NONE,DOMESTIC,0
157.99,LOW,NONE,DOMESTIC,0
628.31,MEDIUM,NONE,DOMESTIC,1
395.66,LOW,NONE,INTERNATIONAL,0
132.4,LOW,NONE,DOMESTIC,0
183.64,LOW,NONE,INTERNATIONAL,0
34.38,LOW,NONE,DOMESTIC,0
159.51,LOW,NONE,DOMESTIC,0
153.55,LOW,NONE,INTERNATIONAL,0
300.98,LOW,NONE,DOMESTIC,0
103.95,LOW,NONE,DOMESTIC,0
415.8,LOW,NONE,INTERNATIONAL,0
863.33,MEDIUM,NONE,DOMESTIC,0
271.36,LOW,NONE,DOMESTIC,0
353.72,LOW,NONE,DOMESTIC,0
236.37,LOW,NONE,INTERNATIONAL,0
220.03,LOW,NONE,DOMESTIC,0
83.06,LOW,NONE,DOMESTIC,0
337.27,LOW,NONE,INTERNATIONAL,0
192.92,LOW,NONE,DOMESTIC,0
3712.29,HIGH,NONE,DOMESTIC,0
1840.25,HIGH,NONE,DOMESTIC,1
370.38,LOW,NONE,DOMESTIC,0
78.53,LOW,NONE,DOMESTIC,0
49.0,LOW,NONE,DOMESTIC,0
1098.47,HIGH,NONE,DOMESTIC,0
313.67,LOW,NONE,DOMESTIC,0
420.66,LOW,NONE,DOMESTIC,0
20.87,LOW,NONE,DOMESTIC,0
769.45,MEDIUM,NONE,DOMESTIC,0
406.3,LOW,NONE,DOMESTIC,0
49.13,LOW,NONE,INTERNATIONAL,0
116.4,LOW,NONE,DOMESTIC,0
314.08,LOW,NONE,DOMESTIC,0
236.15,LOW,NONE,DOMESTIC,0
148.29,LOW,NONE,INTERNATIONAL,0
191.31,LOW,NONE,DOMESTIC,0
156.56,LOW,NONE,INTERNATIONAL,0
270.31,LOW,NONE,DOMESTIC,0
1603.82,HIGH,NONE,DOMESTIC,0
6.88,LOW,NONE,INTERNATIONAL,0
159.79,LOW,LOW,DOMESTIC,0
279.2,LOW,NONE,DOMESTIC,0
328.07,LOW,NONE,INTERNATIONAL,0
133.16,LOW,NONE,DOMESTIC,0
20.53,LOW,NONE,DOMESTIC,0
342.55,LOW,NONE,DOMESTIC,0
2265.5,HIGH,NONE,DOMESTIC,0
27.74,LOW,NONE,INTERNATIONAL,0
706.13,MEDIUM,NONE,DOMESTIC,0
141.19,LOW,NONE,INTERNATIONAL,0
202.52,LOW,NONE,DOMESTIC,0
53.1,LOW,NONE,INTERNATIONAL,0
140.07,LOW,LOW,INTERNATIONAL,0
1272.44,HIGH,NONE,INTERNATIONAL,0
483.09,LOW,NONE,DOMESTIC,0
2280.72,HIGH,NONE,DOMESTIC,0
1078.29,HIGH,NONE,DOMESTIC,0
397.98,LOW,NONE,DOMESTIC,0
2316.79,HIGH,NONE,DOMESTIC,0
397.93,LOW,NONE,INTERNATIONAL,0
672.78,MEDIUM,HIGH,DOMESTIC,0
147.42,LOW,NONE,INTERNATIONAL,0
240.68,LOW,NONE,DOMESTIC,0
85.81,LOW,MEDIUM,INTERNATIONAL,1
836.78,MEDIUM,NONE,DOMESTIC,0
44.83,LOW,NONE,DOMESTIC,0
632.58,MEDIUM,NONE,INTERNATIONAL,1
170.08,LOW,HIGH,INTERNATIONAL,1
1069.36,HIGH,NONE,INTERNATIONAL,0
606.25,MEDIUM,NONE,INTERNATIONAL,1
2569.59,HIGH,NONE,DOMESTIC,0
590.03,MEDIUM,MEDIUM,INTERNATIONAL,0
26.35,LOW,NONE,DOMESTIC,0
200.99,LOW,NONE,DOMESTIC,0
45.21,LOW,NONE,DOMESTIC,0
109.28,LOW,NONE,DOMESTIC,0
1692.2,HIGH,NONE,DOMESTIC,0
520.24,MEDIUM,LOW,INTERNATIONAL,1
85.63,LOW,NONE,DOMESTIC,0
55.99,LOW,NONE,INTERNATIONAL,0
229.95,LOW,NONE,DOMESTIC,0
42.58,LOW,NONE,DOMESTIC,0
88.91,LOW,NONE,DOMESTIC,0
335.24,LOW,NONE,DOMESTIC,0
1046.6,HIGH,NONE,DOMESTIC,0
500.42,MEDIUM,MEDIUM,DOMESTIC,0
9.98,LOW,NONE,DOMESTIC,0
331.8,LOW,NONE,DOMESTIC,0
242.47,LOW,LOW,INTERNATIONAL,0
384.67,LOW,NONE,DOMESTIC,0
1949.86,HIGH,MEDIUM,INTERNATIONAL,0
13.58,LOW,NONE,INTERNATIONAL,0
99.05,LOW,NONE,DOMESTIC,0
488.51,LOW,NONE,DOMESTIC,0
26.01,LOW,NONE,DOMESTIC,0
1613.5,HIGH,NONE,DOMESTIC,0
361.73,LOW,NONE,DOMESTIC,0
689.88,MEDIUM,LOW,INTERNATIONAL,0
101.78,LOW,NONE,DOMESTIC,0
659.98,MEDIUM,NONE,DOMESTIC,0
930.82,MEDIUM,NONE,DOMESTIC,0
301.27,LOW,NONE,DOMESTIC,0
301.89,LOW,NONE,DOMESTIC,0
316.9,LOW,NONE,DOMESTIC,0
68.59,LOW,MEDIUM,INTERNATIONAL,0
180.27,LOW,MEDIUM,DOMESTIC,0
179.06,LOW,NONE,DOMESTIC,0
369.15,LOW,NONE,DOMESTIC,0
848.43,MEDIUM,NONE,DOMESTIC,0
52.7,LOW,NONE,INTERNATIONAL,0
185.84,LOW,NONE,INTERNATIONAL,0
1625.54,HIGH,NONE,INTERNATIONAL,0
80.62,LOW,NONE,DOMESTIC,0
72.5,LOW,HIGH,DOMESTIC,0
289.09,LOW,NONE,INTERNATIONAL,0
687.83,MEDIUM,NONE,DOMESTIC,0
223.42,LOW,NONE,DOMESTIC,0
1323.09,HIGH,LOW,DOMESTIC,1
699.45,MEDIUM,NONE,DOMESTIC,0
685.46,MEDIUM,MEDIUM,INTERNATIONAL,0
464.84,LOW,NONE,DOMESTIC,0
5094.72,HIGH,NONE,INTERNATIONAL,0
166.78,LOW,NONE,DOMESTIC,0
14.72,LOW,NONE,DOMESTIC,0
1918.64,HIGH,NONE,DOMESTIC,0
118.6,LOW,NONE,DOMESTIC,0
254.49,LOW,NONE,DOMESTIC,0
1288.87,HIGH,NONE,DOMESTIC,0
25.29,LOW,NONE,DOMESTIC,1
40.61,LOW,LOW,INTERNATIONAL,0
25.33,LOW,NONE,DOMESTIC,0
75.3,LOW,NONE,DOMESTIC,0
398.27,LOW,NONE,DOMESTIC,0
446.43,LOW,NONE,INTERNATIONAL,0
319.45,LOW,NONE,DOMESTIC,0
32.67,LOW,NONE,DOMESTIC,0
9.73,LOW,NONE,DOMESTIC,0
236.75,LOW,NONE,DOMESTIC,1
116.36,LOW,NONE,DOMESTIC,0
409.03,LOW,NONE,DOMESTIC,0
567.51,MEDIUM,NONE,INTERNATIONAL,0
265.14,LOW,NONE,DOMESTIC,0
613.88,MEDIUM,NONE,DOMESTIC,0
299.78,LOW,NONE,DOMESTIC,0
449.99,LOW,LOW,DOMESTIC,0
84.97,LOW,NONE,DOMESTIC,0
172.63,LOW,NONE,DOMESTIC,0
286.94,LOW,NONE,DOMESTIC,0
666.03,MEDIUM,NONE,DOMESTIC,0
129.29,LOW,NONE,DOMESTIC,0
444.61,LOW,NONE,INTERNATIONAL,0
153.66,LOW,LOW,DOMESTIC,0
187.72,LOW,NONE,DOMESTIC,0
674.17,MEDIUM,NONE,INTERNATIONAL,0
14.92,LOW,NONE,INTERNATIONAL,0
38.22,LOW,NONE,DOMESTIC,0
29.75,LOW,NONE,INTERNATIONAL,1
9.42,LOW,NONE,DOMESTIC,0
88.06,LOW,NONE,DOMESTIC,0
605.08,MEDIUM,NONE,INTERNATIONAL,0
149.76,LOW,NONE,INTERNATIONAL,0
287.33,LOW,NONE,DOMESTIC,0
957.26,MEDIUM,NONE,DOMESTIC,0
1320.81,HIGH,NONE,DOMESTIC,0
200.4,LOW,LOW,DOMESTIC,0
1367.81,HIGH,HIGH,INTERNATIONAL,1
249.14,LOW,NONE,DOMESTIC,0
71.03,LOW,NONE,DOMESTIC,0
98.61,LOW,NONE,DOMESTIC,0
29.81,LOW,NONE,DOMESTIC,0
66.33,LOW,NONE,DOMESTIC,0
135.68,LOW,NONE,INTERNATIONAL,0
650.97,MEDIUM,NONE,DOMESTIC,0
2245.46,HIGH,NONE,DOMESTIC,0
34.04,LOW,NONE,DOMESTIC,0
373.88,LOW,NONE,DOMESTIC,0
54.0,LOW,NONE,DOMESTIC,0
417.58,LOW,NONE,DOMESTIC,0
184.32,LOW,NONE,DOMESTIC,0
18.58,LOW,NONE,DOMESTIC,0
770.34,MEDIUM,MEDIUM,INTERNATIONAL,0
97.21,LOW,NONE,DOMESTIC,0
107.0,LOW,NONE,DOMESTIC,0
51.91,LOW,NONE,DOMESTIC,0
90.95,LOW,NONE,DOMESTIC,0
392.01,LOW,NONE,INTERNATIONAL,0
170.4,LOW,NONE,DOMESTIC,0
342.86,LOW,NONE,DOMESTIC,0
358.61,LOW,NONE,DOMESTIC,0
1308.35,HIGH,NONE,INTERNATIONAL,0
138.5,LOW,NONE,DOMESTIC,0
29.96,LOW,NONE,DOMESTIC,0
929.25,MEDIUM,NONE,DOMESTIC,0
140.63,LOW,NONE,DOMESTIC,0
990.62,MEDIUM,HIGH,INTERNATIONAL,1
369.14,LOW,NONE,DOMESTIC,0
184.3,LOW,NONE,DOMESTIC,0
352.3,LOW,NONE,DOMESTIC,0
3064.06,HIGH,NONE,INTERNATIONAL,0
3632.05,HIGH,NONE,DOMESTIC,0
241.6,LOW,NONE,DOMESTIC,0
273.11,LOW,LOW,INTERNATIONAL,1
940.63,MEDIUM,NONE,DOMESTIC,0
70.24,LOW,NONE,INTERNATIONAL,0
344.91,LOW,NONE,INTERNATIONAL,0
212.45,LOW,NONE,DOMESTIC,0
336.1,LOW,NONE,DOMESTIC,0
71.42,LOW,NONE,DOMESTIC,0
25.73,LOW,NONE,DOMESTIC,0
13.4,LOW,NONE,DOMESTIC,0
48.67,LOW,NONE,INTERNATIONAL,0
118.44,LOW,NONE,DOMESTIC,0
148.09,LOW,MEDIUM,DOMESTIC,0
3007.58,HIGH,NONE,DOMESTIC,0
979.18,MEDIUM,NONE,DOMESTIC,0
60.03,LOW,NONE,DOMESTIC,0
351.79,LOW,LOW,INTERNATIONAL,0
126.99,LOW,NONE,DOMESTIC,0
149.87,LOW,NONE,DOMESTIC,0
282.54,LOW,NONE,DOMESTIC,0
507.51,MEDIUM,NONE,DOMESTIC,0
139.16,LOW,NONE,INTERNATIONAL,0
925.03,MEDIUM,NONE,DOMESTIC,0
47.09,LOW,NONE,DOMESTIC,0
221.89,LOW,NONE,DOMESTIC,0
7335.55,HIGH,NONE,DOMESTIC,0
297.31,LOW,NONE,DOMESTIC,0
1523.05,HIGH,MEDIUM,INTERNATIONAL,1
248.93,LOW,LOW,INTERNATIONAL,0
481.87,LOW,NONE,DOMESTIC,0
203.77,LOW,NONE,DOMESTIC,0
174.79,LOW,NONE,DOMESTIC,0
76.81,LOW,NONE,DOMESTIC,0
393.28,LOW,LOW,DOMESTIC,0
69.69,LOW,NONE,DOMESTIC,0
540.32,MEDIUM,NONE,DOMESTIC,0
952.19,MEDIUM,NONE,DOMESTIC,0
360.84,LOW,NONE,DOMESTIC,0
149.48,LOW,NONE,DOMESTIC,0
406.05,LOW,NONE,DOMESTIC,0
145.03,LOW,NONE,DOMESTIC,0
777.91,MEDIUM,NONE,DOMESTIC,1
18.56,LOW,NONE,INTERNATIONAL,0
139.85,LOW,LOW,DOMESTIC,0
14.97,LOW,NONE,DOMESTIC,0
29.23,LOW,NONE,DOMESTIC,0
1386.92,HIGH,NONE,DOMESTIC,0
736.66,MEDIUM,NONE,DOMESTIC,0
83.29,LOW,NONE,DOMESTIC,0
28.94,LOW,NONE,DOMESTIC,0
5.0,LOW,NONE,DOMESTIC,0
105.63,LOW,NONE,INTERNATIONAL,0
5774.39,HIGH,NONE,INTERNATIONAL,0
395.73,LOW,NONE,DOMESTIC,0
103.36,LOW,NONE,DOMESTIC,0
412.19,LOW,NONE,DOMESTIC,0
26.74,LOW,NONE,DOMESTIC,0
147.27,LOW,MEDIUM,DOMESTIC,0
251.62,LOW,NONE,DOMESTIC,0
195.86,LOW,NONE,DOMESTIC,0
639.84,MEDIUM,NONE,DOMESTIC,0
350.34,LOW,LOW,DOMESTIC,0
542.33,MEDIUM,NONE,DOMESTIC,0
86.86,LOW,NONE,DOMESTIC,0
739.28,MEDIUM,NONE,DOMESTIC,0
1983.65,HIGH,NONE,DOMESTIC,0
59.38,LOW,MEDIUM,INTERNATIONAL,0
66.37,LOW,LOW,INTERNATIONAL,0
1335.33,HIGH,MEDIUM,DOMESTIC,0
169.92,LOW,NONE,DOMESTIC,0
1463.79,HIGH,NONE,DOMESTIC,0
121.05,LOW,NONE,DOMESTIC,0
1568.6,HIGH,NONE,DOMESTIC,0
262.73,LOW,NONE,DOMESTIC,0
311.76,LOW,NONE,DOMESTIC,0
1818.92,HIGH,LOW,INTERNATIONAL,0
134.99,LOW,NONE,DOMESTIC,0
61.75,LOW,NONE,DOMESTIC,0
120.07,LOW,NONE,DOMESTIC,0
405.16,LOW,NONE,DOMESTIC,0
26.57,LOW,NONE,DOMESTIC,0
520.2,MEDIUM,NONE,INTERNATIONAL,0
106.3,LOW,LOW,INTERNATIONAL,0
1036.05,HIGH,NONE,DOMESTIC,0
8.68,LOW,NONE,INTERNATIONAL,0
76.08,LOW,NONE,DOMESTIC,1
22.58,LOW,NONE,DOMESTIC,0
72.11,LOW,HIGH,DOMESTIC,1
307.35,LOW,NONE,DOMESTIC,0
172.72,LOW,NONE,DOMESTIC,0
156.27,LOW,NONE,DOMESTIC,0
177.46,LOW,NONE,DOMESTIC,0
289.51,LOW,NONE,INTERNATIONAL,1
56.38,LOW,NONE,DOMESTIC,0
571.28,MEDIUM,NONE,INTERNATIONAL,0
538.2,MEDIUM,NONE,DOMESTIC,0
369.97,LOW,LOW,INTERNATIONAL,0
466.36,LOW,NONE,DOMESTIC,0
328.26,LOW,NONE,DOMESTIC,0
3432.27,HIGH,LOW,DOMESTIC,0
195.6,LOW,NONE,INTERNATIONAL,0
145.34,LOW,NONE,DOMESTIC,0
79.55,LOW,NONE,DOMESTIC,0
54.6,LOW,NONE,INTERNATIONAL,0
41.0,LOW,NONE,DOMESTIC,0
66.27,LOW,NONE,INTERNATIONAL,0
199.98,LOW,NONE,DOMESTIC,0
345.48,LOW,NONE,DOMESTIC,0
235.73,LOW,NONE,DOMESTIC,0
78.27,LOW,NONE,DOMESTIC,0
741.65,MEDIUM,NONE,DOMESTIC,0
596.95,MEDIUM,NONE,DOMESTIC,1
177.35,LOW,NONE,DOMESTIC,0
91.12,LOW,NONE,INTERNATIONAL,0
461.28,LOW,HIGH,INTERNATIONAL,1
283.55,LOW,NONE,DOMESTIC,0
31.15,LOW,NONE,DOMESTIC,0
200.71,LOW,NONE,DOMESTIC,0
313.37,LOW,NONE,INTERNATIONAL,0
65.3,LOW,LOW,INTERNATIONAL,0
284.27,LOW,NONE,DOMESTIC,0
30.86,LOW,NONE,DOMESTIC,1
1336.06,HIGH,NONE,INTERNATIONAL,0
1186.02,HIGH,MEDIUM,INTERNATIONAL,1
156.45,LOW,NONE,DOMESTIC,0
359.35,LOW,LOW,INTERNATIONAL,1
8.5,LOW,NONE,DOMESTIC,0
46.18,LOW,NONE,DOMESTIC,0
147.97,LOW,NONE,INTERNATIONAL,0
51.74,LOW,NONE,DOMESTIC,0
577.13,MEDIUM,NONE,DOMESTIC,0
3261.62,HIGH,HIGH,INTERNATIONAL,1
44.93,LOW,NONE,INTERNATIONAL,1
71.03,LOW,NONE,DOMESTIC,0
302.32,LOW,NONE,DOMESTIC,0
1936.49,HIGH,MEDIUM,INTERNATIONAL,1
42.24,LOW,NONE,DOMESTIC,0
307.92,LOW,NONE,INTERNATIONAL,0
2571.85,HIGH,NONE,DOMESTIC,0
23.66,LOW,NONE,DOMESTIC,0
39.02,LOW,NONE,DOMESTIC,0
124.18,LOW,NONE,INTERNATIONAL,0
108.94,LOW,LOW,INTERNATIONAL,0
658.94,MEDIUM,NONE,DOMESTIC,0
304.86,LOW,NONE,DOMESTIC,0
20.03,LOW,NONE,INTERNATIONAL,0
441.17,LOW,NONE,DOMESTIC,0
100.88,LOW,NONE,DOMESTIC,0
1229.22,HIGH,NONE,INTERNATIONAL,0
94.29,LOW,HIGH,INTERNATIONAL,1
93.15,LOW,HIGH,INTERNATIONAL,0
456.76,LOW,NONE,DOMESTIC,0
616.2,MEDIUM,NONE,DOMESTIC,0
402.85,LOW,LOW,INTERNATIONAL,1
22.6,LOW,NONE,DOMESTIC,1
454.85,LOW,NONE,DOMESTIC,0
54.45,LOW,NONE,INTERNATIONAL,0
302.25,LOW,NONE,DOMESTIC,0
32.19,LOW,HIGH,INTERNATIONAL,1
401.88,LOW,NONE,DOMESTIC,0
74.05,LOW,NONE,INTERNATIONAL,0
38.94,LOW,NONE,DOMESTIC,0
576.68,MEDIUM,NONE,DOMESTIC,1
304.86,LOW,LOW,INTERNATIONAL,0
96.04,LOW,NONE,DOMESTIC,0
1560.43,HIGH,LOW,DOMESTIC,0
121.36,LOW,NONE,DOMESTIC,0
229.75,LOW,NONE,INTERNATIONAL,0
316.29,LOW,LOW,INTERNATIONAL,0
95.3,LOW,NONE,DOMESTIC,0
415.57,LOW,NONE,DOMESTIC,0
107.07,LOW,NONE,DOMESTIC,0
126.21,LOW,MEDIUM,INTERNATIONAL,0
1384.64,HIGH,NONE,INTERNATIONAL,0
53.99,LOW,NONE,INTERNATIONAL,0
8.47,LOW,NONE,DOMESTIC,0
1936.03,HIGH,NONE,DOMESTIC,0
6872.07,HIGH,NONE,INTERNATIONAL,0
127.3,LOW,NONE,INTERNATIONAL,0
16.1,LOW,NONE,DOMESTIC,0
144.67,LOW,NONE,DOMESTIC,0
149.49,LOW,NONE,DOMESTIC,0
170.24,LOW,NONE,DOMESTIC,0
48.94,LOW,NONE,DOMESTIC,0
481.08,LOW,NONE,DOMESTIC,0
446.62,LOW,NONE,DOMESTIC,0
29.26,LOW,NONE,INTERNATIONAL,1
565.41,MEDIUM,NONE,INTERNATIONAL,0
3514.85,HIGH,MEDIUM,INTERNATIONAL,0
277.49,LOW,NONE,DOMESTIC,0
139.52,LOW,NONE,DOMESTIC,0
181.62,LOW,NONE,DOMESTIC,0
504.83,MEDIUM,NONE,DOMESTIC,0
21.27,LOW,NONE,DOMESTIC,0
274.67,LOW,LOW,INTERNATIONAL,0
129.87,LOW,NONE,INTERNATIONAL,1
2665.62,HIGH,NONE,INTERNATIONAL,0
173.9,LOW,NONE,DOMESTIC,0
2090.75,HIGH,NONE,DOMESTIC,0
49.58,LOW,NONE,DOMESTIC,0
486.11,LOW,NONE,DOMESTIC,0
338.6,LOW,NONE,DOMESTIC,0
68.06,LOW,NONE,DOMESTIC,1
279.53,LOW,LOW,INTERNATIONAL,0
1130.63,HIGH,NONE,DOMESTIC,0
142.1,LOW,NONE,INTERNATIONAL,0
22.41,LOW,NONE,INTERNATIONAL,0
214.85,LOW,NONE,DOMESTIC,0
65.06,LOW,NONE,INTERNATIONAL,0
138.58,LOW,MEDIUM,DOMESTIC,0
197.06,LOW,MEDIUM,INTERNATIONAL,0
22.0,LOW,LOW,INTERNATIONAL,1
24.84,LOW,NONE,INTERNATIONAL,0
421.75,LOW,NONE,INTERNATIONAL,0
108.63,LOW,NONE,DOMESTIC,0
6.9,LOW,HIGH,INTERNATIONAL,1
634.71,MEDIUM,NONE,DOMESTIC,0
317.77,LOW,NONE,DOMESTIC,0
83.92,LOW,LOW,DOMESTIC,0
37.19,LOW,NONE,INTERNATIONAL,0
679.92,MEDIUM,NONE,DOMESTIC,0
352.57,LOW,NONE,DOMESTIC,0
5487.02,HIGH,NONE,INTERNATIONAL,0
387.95,LOW,LOW,DOMESTIC,0
371.31,LOW,NONE,DOMESTIC,0
175.61,LOW,NONE,DOMESTIC,0
662.67,MEDIUM,NONE,DOMESTIC,0
511.57,MEDIUM,NONE,INTERNATIONAL,0
1192.08,HIGH,NONE,DOMESTIC,1
108.84,LOW,NONE,DOMESTIC,0
122.22,LOW,NONE,INTERNATIONAL,0
115.22,LOW,NONE,DOMESTIC,0
639.83,MEDIUM,NONE,INTERNATIONAL,0
1663.09,HIGH,NONE,DOMESTIC,0
118.41,LOW,HIGH,INTERNATIONAL,0
123.99,LOW,NONE,DOMESTIC,0
336.17,LOW,NONE,DOMESTIC,0
157.88,LOW,NONE,DOMESTIC,0
795.44,MEDIUM,NONE,DOMESTIC,1
10.52,LOW,NONE,DOMESTIC,0
72.07,LOW,NONE,INTERNATIONAL,0
76.51,LOW,NONE,DOMESTIC,0
9.59,LOW,NONE,DOMESTIC,0
59.9,LOW,NONE,DOMESTIC,0
63.95,LOW,NONE,DOMESTIC,0
167.69,LOW,LOW,DOMESTIC,0
988.44,MEDIUM,NONE,INTERNATIONAL,0
158.03,LOW,NONE,INTERNATIONAL,0
54.71,LOW,NONE,DOMESTIC,0
203.72,LOW,NONE,DOMESTIC,0
906.88,MEDIUM,NONE,DOMESTIC,0
58.91,LOW,NONE,DOMESTIC,0
64.35,LOW,NONE,DOMESTIC,0
467.63,LOW,NONE,DOMESTIC,0
163.13,LOW,NONE,INTERNATIONAL,0
527.28,MEDIUM,NONE,DOMESTIC,0
215.98,LOW,NONE,DOMESTIC,0
567.29,MEDIUM,NONE,DOMESTIC,0
54.39,LOW,NONE,DOMESTIC,0
216.44,LOW,NONE,DOMESTIC,0
165.54,LOW,NONE,DOMESTIC,0
42.61,LOW,NONE,INTERNATIONAL,0
26.65,LOW,NONE,DOMESTIC,0
555.23,MEDIUM,NONE,DOMESTIC,1
136.98,LOW,NONE,DOMESTIC,0
55.34,LOW,NONE,DOMESTIC,0
193.21,LOW,NONE,DOMESTIC,0
1008.74,HIGH,NONE,DOMESTIC,0
10.12,LOW,NONE,DOMESTIC,0
29.17,LOW,NONE,DOMESTIC,0
63.29,LOW,MEDIUM,INTERNATIONAL,0
1581.64,HIGH,LOW,INTERNATIONAL,0
322.18,LOW,NONE,DOMESTIC,0
619.87,MEDIUM,NONE,DOMESTIC,1
47.2,LOW,NONE,INTERNATIONAL,1
48.53,LOW,NONE,INTERNATIONAL,0
402.69,LOW,NONE,INTERNATIONAL,0
238.01,LOW,NONE,DOMESTIC,0
461.47,LOW,NONE,DOMESTIC,0
170.76,LOW,NONE,DOMESTIC,1
320.26,LOW,NONE,INTERNATIONAL,0
272.35,LOW,NONE,DOMESTIC,0
628.67,MEDIUM,NONE,DOMESTIC,0
653.99,MEDIUM,NONE,DOMESTIC,0
24.7,LOW,NONE,DOMESTIC,1
10.59,LOW,NONE,DOMESTIC,0
850.64,MEDIUM,NONE,DOMESTIC,0
1093.41,HIGH,NONE,DOMESTIC,0
55.47,LOW,NONE,INTERNATIONAL,1
17.87,LOW,NONE,DOMESTIC,0
251.47,LOW,NONE,DOMESTIC,0
772.98,MEDIUM,NONE,INTERNATIONAL,0
2490.85,HIGH,NONE,DOMESTIC,0
441.7,LOW,NONE,DOMESTIC,0
133.19,LOW,MEDIUM,DOMESTIC,1
65.88,LOW,NONE,DOMESTIC,0
223.43,LOW,NONE,DOMESTIC,0
146.88,LOW,NONE,DOMESTIC,0
55.88,LOW,NONE,DOMESTIC,0
3496.26,HIGH,HIGH,DOMESTIC,0
2449.42,HIGH,NONE,DOMESTIC,0
1019.73,HIGH,NONE,DOMESTIC,1
63.46,LOW,NONE,DOMESTIC,1
697.78,MEDIUM,NONE,DOMESTIC,0
521.72,MEDIUM,NONE,DOMESTIC,0
399.84,LOW,NONE,DOMESTIC,0
1188.77,HIGH,NONE,DOMESTIC,0
518.73,MEDIUM,LOW,INTERNATIONAL,0
597.44,MEDIUM,MEDIUM,INTERNATIONAL,1
519.8,MEDIUM,NONE,DOMESTIC,0
348.52,LOW,NONE,DOMESTIC,0
19.8,LOW,NONE,DOMESTIC,0
246.29,LOW,NONE,DOMESTIC,0
103.83,LOW,NONE,INTERNATIONAL,1
39.09,LOW,NONE,DOMESTIC,0
2130.43,HIGH,NONE,INTERNATIONAL,0
2270.54,HIGH,NONE,DOMESTIC,0
1378.26,HIGH,NONE,DOMESTIC,0
310.49,LOW,NONE,INTERNATIONAL,0
1362.36,HIGH,NONE,DOMESTIC,0
223.61,LOW,HIGH,INTERNATIONAL,1
289.28,LOW,NONE,DOMESTIC,0
50.27,LOW,LOW,INTERNATIONAL,0
375.99,LOW,NONE,DOMESTIC,0
238.69,LOW,NONE,DOMESTIC,0
37.9,LOW,NONE,INTERNATIONAL,0
205.31,LOW,NONE,DOMESTIC,0
197.55,LOW,NONE,DOMESTIC,0
2490.74,HIGH,NONE,INTERNATIONAL,1
735.69,MEDIUM,NONE,DOMESTIC,0
223.43,LOW,NONE,INTERNATIONAL,0
307.81,LOW,NONE,DOMESTIC,0
233.53,LOW,NONE,DOMESTIC,0
167.28,LOW,NONE,DOMESTIC,0
51.03,LOW,NONE,DOMESTIC,0
179.42,LOW,LOW,INTERNATIONAL,1
80.35,LOW,NONE,DOMESTIC,0
40.68,LOW,NONE,DOMESTIC,0
438.68,LOW,NONE,DOMESTIC,0
373.1,LOW,NONE,DOMESTIC,0
19.72,LOW,LOW,DOMESTIC,0
186.42,LOW,NONE,INTERNATIONAL,0
843.72,MEDIUM,NONE,INTERNATIONAL,0
919.27,MEDIUM,LOW,INTERNATIONAL,0
878.76,MEDIUM,NONE,DOMESTIC,0
231.87,LOW,NONE,DOMESTIC,0
70.3,LOW,NONE,DOMESTIC,0
50.94,LOW,LOW,INTERNATIONAL,0
350.32,LOW,NONE,DOMESTIC,0
367.11,LOW,NONE,DOMESTIC,0
1250.78,HIGH,NONE,DOMESTIC,0
971.27,MEDIUM,NONE,INTERNATIONAL,0
184.03,LOW,MEDIUM,INTERNATIONAL,0
41.02,LOW,MEDIUM,INTERNATIONAL,0
143.0,LOW,NONE,DOMESTIC,0
294.97,LOW,NONE,INTERNATIONAL,0
167.47,LOW,NONE,DOMESTIC,0
100.83,LOW,NONE,DOMESTIC,0
309.52,LOW,NONE,DOMESTIC,0
111.42,LOW,NONE,DOMESTIC,0
94.23,LOW,NONE,DOMESTIC,0
334.99,LOW,NONE,DOMESTIC,0
127.86,LOW,NONE,DOMESTIC,0
305.87,LOW,NONE,DOMESTIC,0
318.13,LOW,MEDIUM,INTERNATIONAL,0
47.25,LOW,NONE,DOMESTIC,0
114.89,LOW,NONE,DOMESTIC,0
1532.46,HIGH,NONE,DOMESTIC,0
45.82,LOW,NONE,INTERNATIONAL,0
12.63,LOW,NONE,DOMESTIC,0
17.82,LOW,LOW,DOMESTIC,0
228.82,LOW,LOW,DOMESTIC,0
229.38,LOW,NONE,DOMESTIC,0
187.7,LOW,NONE,DOMESTIC,0
1133.18,HIGH,NONE,DOMESTIC,0
5.96,LOW,NONE,DOMESTIC,0
375.45,LOW,NONE,DOMESTIC,0
1810.88,HIGH,NONE,DOMESTIC,0
48.0,LOW,NONE,DOMESTIC,0
131.75,LOW,NONE,DOMESTIC,0
79.62,LOW,MEDIUM,DOMESTIC,0
65.78,LOW,LOW,DOMESTIC,0
141.62,LOW,NONE,DOMESTIC,0
1511.31,HIGH,NONE,DOMESTIC,0
2628.32,HIGH,MEDIUM,DOMESTIC,0
139.79,LOW,NONE,DOMESTIC,0
2879.75,HIGH,NONE,DOMESTIC,0
230.82,LOW,LOW,DOMESTIC,0
2347.51,HIGH,NONE,DOMESTIC,1
193.96,LOW,NONE,DOMESTIC,0
262.58,LOW,NONE,DOMESTIC,0
360.33,LOW,NONE,INTERNATIONAL,0
16075.96,HIGH,LOW,DOMESTIC,0
694.27,MEDIUM,NONE,DOMESTIC,0
84.68,LOW,NONE,INTERNATIONAL,0
813.85,MEDIUM,NONE,DOMESTIC,0
134.98,LOW,NONE,DOMESTIC,0
113.58,LOW,NONE,DOMESTIC,0
750.12,MEDIUM,NONE,INTERNATIONAL,0
229.43,LOW,NONE,INTERNATIONAL,0
320.44,LOW,NONE,DOMESTIC,0
224.19,LOW,NONE,INTERNATIONAL,0
346.55,LOW,NONE,DOMESTIC,0
390.46,LOW,NONE,DOMESTIC,0
16.1,LOW,NONE,DOMESTIC,1
541.04,MEDIUM,NONE,DOMESTIC,0
58.43,LOW,NONE,DOMESTIC,0
31.39,LOW,NONE,INTERNATIONAL,0
203.32,LOW,NONE,DOMESTIC,0
246.41,LOW,NONE,DOMESTIC,0
86.26,LOW,NONE,DOMESTIC,0
675.55,MEDIUM,NONE,DOMESTIC,0
35.93,LOW,HIGH,DOMESTIC,0
127.01,LOW,NONE,INTERNATIONAL,0
99.89,LOW,NONE,DOMESTIC,0
206.59,LOW,NONE,DOMESTIC,0
320.57,LOW,NONE,DOMESTIC,1
56.43,LOW,NONE,INTERNATIONAL,0
584.88,MEDIUM,NONE,INTERNATIONAL,0
239.53,LOW,NONE,DOMESTIC,0
17.11,LOW,NONE,DOMESTIC,0
15.64,LOW,NONE,DOMESTIC,0
216.37,LOW,LOW,INTERNATIONAL,0
163.26,LOW,NONE,INTERNATIONAL,0
191.33,LOW,MEDIUM,INTERNATIONAL,0
211.84,LOW,NONE,DOMESTIC,0
298.31,LOW,NONE,DOMESTIC,0
790.73,MEDIUM,NONE,DOMESTIC,0
49.09,LOW,LOW,DOMESTIC,0
45.22,LOW,NONE,DOMESTIC,0
50.28,LOW,NONE,DOMESTIC,0
324.95,LOW,NONE,DOMESTIC,0
1181.22,HIGH,NONE,INTERNATIONAL,0
122.89,LOW,NONE,INTERNATIONAL,0
7.51,LOW,MEDIUM,INTERNATIONAL,0
22.05,LOW,NONE,INTERNATIONAL,0
71.45,LOW,NONE,DOMESTIC,0
103.62,LOW,NONE,DOMESTIC,0
126.76,LOW,NONE,DOMESTIC,0
231.76,LOW,MEDIUM,DOMESTIC,0
144.43,LOW,NONE,DOMESTIC,0
907.08,MEDIUM,NONE,DOMESTIC,0
88.32,LOW,NONE,INTERNATIONAL,0
68.68,LOW,NONE,INTERNATIONAL,0
419.94,LOW,NONE,INTERNATIONAL,1
27.67,LOW,NONE,INTERNATIONAL,0
372.3,LOW,HIGH,INTERNATIONAL,1
252.67,LOW,LOW,DOMESTIC,1
180.29,LOW,LOW,INTERNATIONAL,0
1877.7,HIGH,NONE,INTERNATIONAL,1
94.98,LOW,LOW,INTERNATIONAL,1
3551.16,HIGH,NONE,DOMESTIC,0
162.28,LOW,NONE,DOMESTIC,1
39.24,LOW,NONE,INTERNATIONAL,0
241.78,LOW,NONE,DOMESTIC,0
51.45,LOW,NONE,DOMESTIC,0
79.74,LOW,NONE,DOMESTIC,0
376.01,LOW,HIGH,DOMESTIC,0
465.76,LOW,NONE,DOMESTIC,0
94.98,LOW,MEDIUM,INTERNATIONAL,0
834.33,MEDIUM,MEDIUM,INTERNATIONAL,1
1049.7,HIGH,NONE,INTERNATIONAL,0
1529.41,HIGH,NONE,DOMESTIC,0
449.59,LOW,NONE,DOMESTIC,0
1386.11,HIGH,NONE,DOMESTIC,0
17.37,LOW,LOW,DOMESTIC,1
143.23,LOW,NONE,DOMESTIC,0
68.25,LOW,LOW,INTERNATIONAL,0
258.42,LOW,NONE,INTERNATIONAL,0
101.71,LOW,NONE,DOMESTIC,0
175.79,LOW,NONE,DOMESTIC,0
2792.14,HIGH,NONE,DOMESTIC,0
174.95,LOW,NONE,DOMESTIC,0
384.62,LOW,NONE,DOMESTIC,0
160.78,LOW,NONE,DOMESTIC,0
243.68,LOW,NONE,DOMESTIC,0
221.79,LOW,NONE,DOMESTIC,0
402.97,LOW,MEDIUM,INTERNATIONAL,1
1060.81,HIGH,NONE,DOMESTIC,0
2033.69,HIGH,NONE,DOMESTIC,0
334.16,LOW,NONE,DOMESTIC,0
487.61,LOW,NONE,DOMESTIC,0
46.52,LOW,NONE,DOMESTIC,0
195.39,LOW,HIGH,INTERNATIONAL,1
782.91,MEDIUM,NONE,INTERNATIONAL,0
708.17,MEDIUM,NONE,DOMESTIC,0
292.74,LOW,NONE,DOMESTIC,0
727.97,MEDIUM,NONE,DOMESTIC,0
426.73,LOW,NONE,DOMESTIC,0
1112.14,HIGH,NONE,DOMESTIC,0
325.14,LOW,NONE,INTERNATIONAL,1
136.11,LOW,NONE,DOMESTIC,0
346.2,LOW,NONE,DOMESTIC,0
5.0,LOW,NONE,DOMESTIC,0
368.9,LOW,NONE,DOMESTIC,0
5.0,LOW,HIGH,INTERNATIONAL,0
21.48,LOW,NONE,DOMESTIC,0
404.85,LOW,NONE,DOMESTIC,0
419.18,LOW,NONE,DOMESTIC,0
45.8,LOW,HIGH,INTERNATIONAL,1
84.12,LOW,NONE,DOMESTIC,0
1399.48,HIGH,NONE,DOMESTIC,0
114.46,LOW,NONE,DOMESTIC,0
4544.03,HIGH,NONE,DOMESTIC,0
219.43,LOW,LOW,INTERNATIONAL,0
381.64,LOW,NONE,DOMESTIC,0
1951.61,HIGH,NONE,DOMESTIC,0
262.57,LOW,NONE,DOMESTIC,0
56.85,LOW,NONE,DOMESTIC,0
189.71,LOW,NONE,DOMESTIC,0
209.67,LOW,HIGH,INTERNATIONAL,0
34.86,LOW,NONE,DOMESTIC,0
155.75,LOW,NONE,DOMESTIC,0
80.78,LOW,NONE,DOMESTIC,0
766.25,MEDIUM,NONE,INTERNATIONAL,0
230.52,LOW,NONE,DOMESTIC,0
150.18,LOW,NONE,DOMESTIC,1
190.62,LOW,NONE,DOMESTIC,0
297.33,LOW,NONE,DOMESTIC,0
505.89,MEDIUM,NONE,INTERNATIONAL,1
57.06,LOW,NONE,DOMESTIC,0
53.92,LOW,NONE,DOMESTIC,0
977.45,MEDIUM,NONE,DOMESTIC,0
126.09,LOW,NONE,DOMESTIC,0
32.49,LOW,NONE,DOMESTIC,1
400.52,LOW,NONE,DOMESTIC,0
411.24,LOW,NONE,DOMESTIC,0
27.86,LOW,NONE,INTERNATIONAL,0
299.89,LOW,NONE,INTERNATIONAL,0
593.87,MEDIUM,NONE,DOMESTIC,0
364.69,LOW,NONE,INTERNATIONAL,0
516.36,MEDIUM,LOW,INTERNATIONAL,0
33.04,LOW,NONE,DOMESTIC,0
343.96,LOW,NONE,DOMESTIC,0
146.22,LOW,NONE,DOMESTIC,0
114.65,LOW,NONE,DOMESTIC,0
712.57,MEDIUM,NONE,DOMESTIC,0
1620.76,HIGH,NONE,DOMESTIC,0
2480.03,HIGH,NONE,INTERNATIONAL,1
1298.05,HIGH,NONE,DOMESTIC,0
189.71,LOW,NONE,INTERNATIONAL,0
354.18,LOW,NONE,DOMESTIC,0
619.45,MEDIUM,NONE,DOMESTIC,1
259.1,LOW,NONE,INTERNATIONAL,0
262.48,LOW,NONE,DOMESTIC,0
668.94,MEDIUM,NONE,DOMESTIC,0
203.08,LOW,NONE,DOMESTIC,0
82.19,LOW,NONE,DOMESTIC,0
125.72,LOW,NONE,DOMESTIC,0
517.71,MEDIUM,LOW,DOMESTIC,0
220.89,LOW,NONE,DOMESTIC,0
348.25,LOW,NONE,DOMESTIC,0
543.61,MEDIUM,NONE,DOMESTIC,0
132.63,LOW,NONE,DOMESTIC,0
610.67,MEDIUM,NONE,DOMESTIC,0
366.89,LOW,NONE,DOMESTIC,0
41.54,LOW,NONE,DOMESTIC,0
1541.85,HIGH,NONE,INTERNATIONAL,0
111.9,LOW,MEDIUM,DOMESTIC,0
23.55,LOW,NONE,DOMESTIC,0
53.67,LOW,NONE,DOMESTIC,0
55.44,LOW,MEDIUM,INTERNATIONAL,1
236.05,LOW,NONE,DOMESTIC,0
152.01,LOW,NONE,DOMESTIC,0
139.62,LOW,NONE,DOMESTIC,0
507.87,MEDIUM,NONE,DOMESTIC,0
348.09,LOW,NONE,DOMESTIC,0
337.07,LOW,NONE,DOMESTIC,0
382.56,LOW,NONE,DOMESTIC,1
505.43,MEDIUM,NONE,DOMESTIC,0
12.78,LOW,NONE,DOMESTIC,0
134.51,LOW,NONE,INTERNATIONAL,0
11.59,LOW,NONE,DOMESTIC,0
230.97,LOW,NONE,INTERNATIONAL,0
218.63,LOW,NONE,INTERNATIONAL,0
902.43,MEDIUM,NONE,INTERNATIONAL,0
1093.28,HIGH,NONE,INTERNATIONAL,0
289.27,LOW,NONE,DOMESTIC,0
111.96,LOW,NONE,DOMESTIC,0
423.52,LOW,NONE,DOMESTIC,0
107.87,LOW,NONE,DOMESTIC,0
219.59,LOW,NONE,DOMESTIC,0
832.9,MEDIUM,NONE,DOMESTIC,0
103.61,LOW,NONE,DOMESTIC,0
652.81,MEDIUM,NONE,INTERNATIONAL,1
549.01,MEDIUM,NONE,DOMESTIC,0
60.62,LOW,NONE,DOMESTIC,0
819.25,MEDIUM,NONE,DOMESTIC,0
564.92,MEDIUM,NONE,DOMESTIC,0
252.45,LOW,MEDIUM,INTERNATIONAL,0
78.61,LOW,NONE,DOMESTIC,0
68.97,LOW,NONE,DOMESTIC,0
106.46,LOW,NONE,DOMESTIC,0
457.66,LOW,NONE,DOMESTIC,0
60.55,LOW,NONE,DOMESTIC,0
397.13,LOW,NONE,INTERNATIONAL,0
41.15,LOW,NONE,DOMESTIC,0
167.02,LOW,NONE,DOMESTIC,0
255.1,LOW,LOW,DOMESTIC,0
5970.3,HIGH,NONE,DOMESTIC,1
34.27,LOW,NONE,INTERNATIONAL,0
1604.95,HIGH,NONE,DOMESTIC,0
269.32,LOW,NONE,DOMESTIC,0
383.26,LOW,NONE,DOMESTIC,0
258.11,LOW,NONE,DOMESTIC,0
401.02,LOW,NONE,DOMESTIC,0
178.78,LOW,NONE,DOMESTIC,0
1566.49,HIGH,NONE,INTERNATIONAL,0
118.79,LOW,NONE,DOMESTIC,0
1014.49,HIGH,NONE,DOMESTIC,0
92.18,LOW,NONE,INTERNATIONAL,0
202.81,LOW,LOW,DOMESTIC,0
51.75,LOW,NONE,DOMESTIC,0
406.63,LOW,NONE,DOMESTIC,0
1547.73,HIGH,NONE,DOMESTIC,0
198.18,LOW,NONE,INTERNATIONAL,0
168.65,LOW,NONE,DOMESTIC,0
48.86,LOW,NONE,DOMESTIC,1
161.43,LOW,NONE,DOMESTIC,0
25.62,LOW,NONE,DOMESTIC,0
64.15,LOW,NONE,DOMESTIC,0
298.8,LOW,NONE,INTERNATIONAL,0
1305.44,HIGH,NONE,DOMESTIC,0
9760.14,HIGH,NONE,DOMESTIC,0
99.66,LOW,NONE,INTERNATIONAL,0
1527.34,HIGH,NONE,DOMESTIC,0
305.73,LOW,NONE,DOMESTIC,0
179.37,LOW,NONE,DOMESTIC,0
394.5,LOW,NONE,DOMESTIC,0
239.18,LOW,NONE,DOMESTIC,0
255.36,LOW,NONE,DOMESTIC,0
126.77,LOW,NONE,DOMESTIC,0
33.32,LOW,NONE,DOMESTIC,0
27.38,LOW,NONE,DOMESTIC,0
531.4,MEDIUM,NONE,INTERNATIONAL,0
151.42,LOW,NONE,DOMESTIC,0
98.39,LOW,LOW,INTERNATIONAL,0
222.54,LOW,NONE,DOMESTIC,0
643.41,MEDIUM,NONE,DOMESTIC,0
280.65,LOW,NONE,DOMESTIC,0
90.74,LOW,NONE,DOMESTIC,0
1151.85,HIGH,NONE,DOMESTIC,0
1854.79,HIGH,NONE,DOMESTIC,0
428.92,LOW,NONE,DOMESTIC,0
818.99,MEDIUM,NONE,DOMESTIC,0
1176.47,HIGH,NONE,DOMESTIC,0
1011.57,HIGH,NONE,DOMESTIC,0
504.04,MEDIUM,NONE,DOMESTIC,0
493.44,LOW,NONE,DOMESTIC,0
443.71,LOW,NONE,DOMESTIC,0
50.01,LOW,NONE,DOMESTIC,0
566.57,MEDIUM,NONE,DOMESTIC,1
35.28,LOW,NONE,DOMESTIC,0
75.26,LOW,NONE,DOMESTIC,0
1278.5,HIGH,NONE,DOMESTIC,1
683.98,MEDIUM,NONE,INTERNATIONAL,0
1638.63,HIGH,HIGH,DOMESTIC,1
152.45,LOW,NONE,INTERNATIONAL,0
46.44,LOW,NONE,DOMESTIC,0
159.02,LOW,NONE,DOMESTIC,1
252.49,LOW,NONE,DOMESTIC,0
244.76,LOW,NONE,DOMESTIC,0
1016.48,HIGH,NONE,DOMESTIC,0
135.09,LOW,LOW,INTERNATIONAL,0
353.85,LOW,NONE,DOMESTIC,0
57.92,LOW,NONE,DOMESTIC,0
404.06,LOW,NONE,DOMESTIC,0
220.93,LOW,NONE,DOMESTIC,0
79.95,LOW,NONE,INTERNATIONAL,0
160.01,LOW,NONE,DOMESTIC,0
171.57,LOW,NONE,DOMESTIC,0
152.77,LOW,NONE,INTERNATIONAL,0
2404.12,HIGH,NONE,INTERNATIONAL,0
192.62,LOW,NONE,DOMESTIC,0
158.28,LOW,NONE,DOMESTIC,0
12.96,LOW,NONE,INTERNATIONAL,0
65.79,LOW,NONE,DOMESTIC,0
154.24,LOW,NONE,DOMESTIC,0
87.16,LOW,NONE,DOMESTIC,0
1420.74,HIGH,NONE,INTERNATIONAL,0
176.08,LOW,NONE,INTERNATIONAL,0
1252.66,HIGH,NONE,DOMESTIC,0
239.11,LOW,NONE,DOMESTIC,0
231.34,LOW,NONE,DOMESTIC,0
195.15,LOW,NONE,DOMESTIC,0
221.13,LOW,NONE,INTERNATIONAL,0
2239.48,HIGH,NONE,DOMESTIC,1
9.6,LOW,NONE,DOMESTIC,0
14.75,LOW,NONE,DOMESTIC,0
105.67,LOW,NONE,DOMESTIC,0
224.36,LOW,NONE,INTERNATIONAL,0
558.51,MEDIUM,NONE,DOMESTIC,0
416.67,LOW,NONE,INTERNATIONAL,0
130.96,LOW,NONE,DOMESTIC,0
870.73,MEDIUM,NONE,DOMESTIC,0
883.94,MEDIUM,NONE,DOMESTIC,1
282.06,LOW,NONE,DOMESTIC,1
806.91,MEDIUM,LOW,DOMESTIC,0
317.89,LOW,NONE,DOMESTIC,0
103.09,LOW,NONE,DOMESTIC,0
564.35,MEDIUM,NONE,INTERNATIONAL,0
255.43,LOW,NONE,DOMESTIC,0
220.4,LOW,NONE,DOMESTIC,0
1606.98,HIGH,NONE,INTERNATIONAL,0
8.04,LOW,NONE,DOMESTIC,0
32.45,LOW,NONE,INTERNATIONAL,1
44.3,LOW,NONE,DOMESTIC,0
134.72,LOW,NONE,DOMESTIC,0
156.01,LOW,NONE,DOMESTIC,0
28.75,LOW,MEDIUM,INTERNATIONAL,0
58.19,LOW,NONE,DOMESTIC,0
68.82,LOW,LOW,DOMESTIC,0
6070.22,HIGH,HIGH,INTERNATIONAL,1
2504.84,HIGH,NONE,DOMESTIC,0
126.19,LOW,NONE,INTERNATIONAL,0
134.66,LOW,NONE,DOMESTIC,0
46.63,LOW,NONE,INTERNATIONAL,0
16.74,LOW,NONE,INTERNATIONAL,0
187.89,LOW,NONE,INTERNATIONAL,0
57.2,LOW,NONE,DOMESTIC,0
196.19,LOW,MEDIUM,INTERNATIONAL,0
25.36,LOW,LOW,INTERNATIONAL,0
78.65,LOW,NONE,DOMESTIC,0
268.88,LOW,NONE,DOMESTIC,0
360.69,LOW,NONE,INTERNATIONAL,0
386.53,LOW,NONE,DOMESTIC,0
37.0,LOW,MEDIUM,DOMESTIC,0
697.47,MEDIUM,LOW,DOMESTIC,0
74.69,LOW,NONE,DOMESTIC,0
516.97,MEDIUM,LOW,INTERNATIONAL,1
216.86,LOW,NONE,DOMESTIC,0
34.31,LOW,NONE,DOMESTIC,0
143.56,LOW,MEDIUM,INTERNATIONAL,0
360.28,LOW,NONE,DOMESTIC,0
503.27,MEDIUM,NONE,DOMESTIC,1
181.87,LOW,NONE,DOMESTIC,0
1739.81,HIGH,NONE,INTERNATIONAL,0
857.28,MEDIUM,NONE,INTERNATIONAL,1
155.58,LOW,NONE,DOMESTIC,1
605.64,MEDIUM,NONE,DOMESTIC,0
2993.65,HIGH,NONE,DOMESTIC,1
3103.49,HIGH,NONE,DOMESTIC,0
41.92,LOW,NONE,DOMESTIC,0
62.98,LOW,NONE,DOMESTIC,0
1633.15,HIGH,NONE,DOMESTIC,0
52.72,LOW,NONE,DOMESTIC,0
36.9,LOW,NONE,DOMESTIC,0
114.12,LOW,NONE,INTERNATIONAL,0
387.97,LOW,NONE,DOMESTIC,0
191.6,LOW,NONE,DOMESTIC,0
91.41,LOW,NONE,DOMESTIC,0
88.54,LOW,NONE,INTERNATIONAL,0
84.1,LOW,NONE,DOMESTIC,0
67.11,LOW,NONE,DOMESTIC,0
4787.83,HIGH,LOW,DOMESTIC,0
328.74,LOW,NONE,DOMESTIC,0
728.33,MEDIUM,HIGH,INTERNATIONAL,0
113.68,LOW,NONE,DOMESTIC,0
171.16,LOW,NONE,DOMESTIC,0
83.96,LOW,NONE,INTERNATIONAL,0
6.13,LOW,NONE,DOMESTIC,0
34.24,LOW,NONE,DOMESTIC,0
19.09,LOW,NONE,DOMESTIC,0
10.55,LOW,NONE,DOMESTIC,0
43.81,LOW,NONE,DOMESTIC,0
1315.95,HIGH,NONE,INTERNATIONAL,0
207.19,LOW,NONE,INTERNATIONAL,0
1256.25,HIGH,NONE,INTERNATIONAL,0
383.16,LOW,NONE,DOMESTIC,0
632.75,MEDIUM,NONE,DOMESTIC,0
65.2,LOW,NONE,DOMESTIC,0
446.29,LOW,LOW,INTERNATIONAL,0
588.39,MEDIUM,NONE,INTERNATIONAL,0
101.0,LOW,NONE,DOMESTIC,1
468.25,LOW,LOW,DOMESTIC,0
472.47,LOW,NONE,INTERNATIONAL,0
104.77,LOW,NONE,INTERNATIONAL,0
48.32,LOW,NONE,INTERNATIONAL,0
44.48,LOW,NONE,DOMESTIC,0
247.25,LOW,NONE,DOMESTIC,0
342.1,LOW,NONE,DOMESTIC,0
75.47,LOW,NONE,DOMESTIC,0
228.04,LOW,HIGH,INTERNATIONAL,0
475.26,LOW,NONE,DOMESTIC,0
506.83,MEDIUM,NONE,DOMESTIC,0
1787.67,HIGH,NONE,DOMESTIC,0
1233.43,HIGH,NONE,DOMESTIC,0
56.93,LOW,NONE,DOMESTIC,0
2135.53,HIGH,NONE,DOMESTIC,0
107.43,LOW,NONE,INTERNATIONAL,0
901.63,MEDIUM,NONE,DOMESTIC,0
241.15,LOW,NONE,DOMESTIC,0
126.12,LOW,NONE,DOMESTIC,0
19.17,LOW,NONE,DOMESTIC,0
174.52,LOW,NONE,DOMESTIC,0
26.8,LOW,NONE,INTERNATIONAL,0
811.98,MEDIUM,NONE,DOMESTIC,0
1704.96,HIGH,NONE,INTERNATIONAL,1
75.02,LOW,LOW,DOMESTIC,0
330.73,LOW,NONE,DOMESTIC,0
82.63,LOW,NONE,DOMESTIC,0
94.18,LOW,NONE,DOMESTIC,0
625.9,MEDIUM,NONE,INTERNATIONAL,0
208.85,LOW,NONE,DOMESTIC,0
2303.42,HIGH,NONE,DOMESTIC,0
114.73,LOW,NONE,DOMESTIC,1
847.87,MEDIUM,NONE,INTERNATIONAL,0
250.92,LOW,NONE,DOMESTIC,0
644.15,MEDIUM,NONE,INTERNATIONAL,0
120.3,LOW,NONE,DOMESTIC,0
205.76,LOW,NONE,INTERNATIONAL,0
188.24,LOW,NONE,DOMESTIC,0
71.16,LOW,NONE,DOMESTIC,0
537.77,MEDIUM,NONE,INTERNATIONAL,0
529.25,MEDIUM,NONE,DOMESTIC,0
490.26,LOW,NONE,DOMESTIC,0
1752.03,HIGH,NONE,DOMESTIC,1
1556.57,HIGH,NONE,DOMESTIC,0
132.62,LOW,NONE,DOMESTIC,1
364.03,LOW,NONE,DOMESTIC,0
94.8,LOW,NONE,INTERNATIONAL,0
227.05,LOW,MEDIUM,INTERNATIONAL,0
97.9,LOW,NONE,DOMESTIC,0
1960.04,HIGH,NONE,DOMESTIC,0
359.47,LOW,HIGH,INTERNATIONAL,0
163.91,LOW,NONE,DOMESTIC,0
1102.14,HIGH,NONE,DOMESTIC,0
11.74,LOW,NONE,DOMESTIC,0
14.51,LOW,NONE,DOMESTIC,0
644.2,MEDIUM,NONE,DOMESTIC,0
238.71,LOW,NONE,INTERNATIONAL,0
308.5,LOW,NONE,INTERNATIONAL,0
36.71,LOW,NONE,DOMESTIC,0
213.21,LOW,NONE,DOMESTIC,0
3289.09,HIGH,NONE,DOMESTIC,0
669.34,MEDIUM,NONE,DOMESTIC,0
276.64,LOW,NONE,INTERNATIONAL,0
121.62,LOW,NONE,DOMESTIC,0
129.15,LOW,NONE,INTERNATIONAL,1
12.42,LOW,LOW,DOMESTIC,0
311.51,LOW,NONE,DOMESTIC,0
688.85,MEDIUM,NONE,DOMESTIC,0
26.22,LOW,NONE,DOMESTIC,0
90.08,LOW,LOW,INTERNATIONAL,0
46.11,LOW,LOW,DOMESTIC,0
59.76,LOW,NONE,DOMESTIC,1
236.47,LOW,NONE,DOMESTIC,0
13.19,LOW,NONE,DOMESTIC,0
504.16,MEDIUM,NONE,INTERNATIONAL,0
608.7,MEDIUM,NONE,DOMESTIC,0
156.75,LOW,NONE,DOMESTIC,0
7.73,LOW,NONE,DOMESTIC,0
57.31,LOW,NONE,DOMESTIC,0
1162.17,HIGH,NONE,DOMESTIC,0
5.17,LOW,NONE,DOMESTIC,0
137.62,LOW,NONE,DOMESTIC,0
44.73,LOW,NONE,DOMESTIC,0
651.84,MEDIUM,NONE,DOMESTIC,0
88.43,LOW,MEDIUM,INTERNATIONAL,1
379.54,LOW,NONE,DOMESTIC,0
472.01,LOW,NONE,DOMESTIC,0
2624.2,HIGH,NONE,DOMESTIC,0
167.28,LOW,NONE,DOMESTIC,0
365.51,LOW,LOW,INTERNATIONAL,0
29.63,LOW,NONE,DOMESTIC,0
1097.39,HIGH,NONE,DOMESTIC,0
78.8,LOW,NONE,INTERNATIONAL,0
103.19,LOW,NONE,INTERNATIONAL,0
213.49,LOW,NONE,INTERNATIONAL,0
26.68,LOW,NONE,DOMESTIC,0
299.61,LOW,NONE,DOMESTIC,0
812.17,MEDIUM,NONE,DOMESTIC,0
326.71,LOW,NONE,DOMESTIC,0
25.75,LOW,NONE,DOMESTIC,0
186.14,LOW,NONE,INTERNATIONAL,0
599.06,MEDIUM,NONE,DOMESTIC,0
17.43,LOW,LOW,DOMESTIC,0
51.56,LOW,NONE,DOMESTIC,0
718.35,MEDIUM,NONE,DOMESTIC,0
316.8,LOW,NONE,DOMESTIC,0
383.67,LOW,NONE,INTERNATIONAL,0
2707.95,HIGH,NONE,DOMESTIC,0
414.13,LOW,NONE,INTERNATIONAL,0
534.74,MEDIUM,NONE,DOMESTIC,0
8545.28,HIGH,NONE,DOMESTIC,0
164.84,LOW,NONE,DOMESTIC,0
74.92,LOW,NONE,INTERNATIONAL,0
391.96,LOW,NONE,DOMESTIC,0
397.93,LOW,NONE,DOMESTIC,0
108.05,LOW,NONE,DOMESTIC,0
54.59,LOW,LOW,INTERNATIONAL,0
4973.69,HIGH,NONE,DOMESTIC,0
342.02,LOW,NONE,INTERNATIONAL,1
81.86,LOW,LOW,INTERNATIONAL,0
757.58,MEDIUM,LOW,INTERNATIONAL,0
189.86,LOW,NONE,DOMESTIC,0
156.37,LOW,NONE,DOMESTIC,0
469.98,LOW,NONE,INTERNATIONAL,0
38.46,LOW,NONE,DOMESTIC,0
354.13,LOW,NONE,DOMESTIC,0
2910.61,HIGH,NONE,DOMESTIC,0
412.8,LOW,NONE,INTERNATIONAL,0
132.39,LOW,NONE,DOMESTIC,0
110.95,LOW,NONE,DOMESTIC,0
126.43,LOW,NONE,DOMESTIC,0
156.14,LOW,NONE,INTERNATIONAL,0
132.1,LOW,NONE,DOMESTIC,0
757.97,MEDIUM,NONE,INTERNATIONAL,0
21.2,LOW,NONE,INTERNATIONAL,0
704.39,MEDIUM,NONE,INTERNATIONAL,1
131.77,LOW,NONE,INTERNATIONAL,1
365.95,LOW,LOW,DOMESTIC,0
48.05,LOW,NONE,DOMESTIC,1
1322.5,HIGH,NONE,DOMESTIC,0
1182.32,HIGH,LOW,INTERNATIONAL,0
803.58,MEDIUM,NONE,DOMESTIC,0
28.47,LOW,NONE,DOMESTIC,0
673.81,MEDIUM,NONE,INTERNATIONAL,0
380.0,LOW,NONE,DOMESTIC,0
25.19,LOW,NONE,INTERNATIONAL,0
212.9,LOW,NONE,DOMESTIC,0
359.87,LOW,NONE,DOMESTIC,0
466.07,LOW,MEDIUM,DOMESTIC,0
279.48,LOW,NONE,DOMESTIC,1
325.96,LOW,NONE,DOMESTIC,0
1608.41,HIGH,NONE,INTERNATIONAL,1
1151.45,HIGH,NONE,DOMESTIC,0
5.0,LOW,NONE,DOMESTIC,0
143.32,LOW,NONE,INTERNATIONAL,0
176.15,LOW,MEDIUM,INTERNATIONAL,0
20.66,LOW,NONE,DOMESTIC,0
249.83,LOW,NONE,INTERNATIONAL,0
1187.32,HIGH,NONE,DOMESTIC,0
50.74,LOW,NONE,DOMESTIC,0
346.46,LOW,NONE,DOMESTIC,0
63.9,LOW,NONE,INTERNATIONAL,0
88.81,LOW,HIGH,DOMESTIC,0
1616.65,HIGH,NONE,DOMESTIC,0
105.76,LOW,NONE,INTERNATIONAL,0
410.6,LOW,NONE,DOMESTIC,0
17.59,LOW,NONE,DOMESTIC,0
2718.28,HIGH,HIGH,INTERNATIONAL,1
496.31,LOW,NONE,DOMESTIC,0
171.96,LOW,NONE,DOMESTIC,0
478.48,LOW,NONE,DOMESTIC,0
32.8,LOW,NONE,INTERNATIONAL,0
1085.77,HIGH,NONE,DOMESTIC,0
142.06,LOW,NONE,DOMESTIC,0
167.02,LOW,NONE,DOMESTIC,0
113.28,LOW,NONE,DOMESTIC,0
100.46,LOW,LOW,INTERNATIONAL,0
561.96,MEDIUM,NONE,DOMESTIC,0
310.79,LOW,NONE,DOMESTIC,0
530.32,MEDIUM,NONE,DOMESTIC,0
217.4,LOW,NONE,DOMESTIC,0
439.86,LOW,NONE,DOMESTIC,0
124.98,LOW,NONE,INTERNATIONAL,0
4463.84,HIGH,NONE,DOMESTIC,0
26.49,LOW,NONE,DOMESTIC,0
1207.0,HIGH,NONE,DOMESTIC,0
1394.52,HIGH,NONE,DOMESTIC,0
69.63,LOW,NONE,DOMESTIC,0
4461.08,HIGH,NONE,DOMESTIC,1
843.48,MEDIUM,NONE,DOMESTIC,0
816.2,MEDIUM,LOW,INTERNATIONAL,0
228.48,LOW,MEDIUM,INTERNATIONAL,1
164.08,LOW,NONE,DOMESTIC,0
165.82,LOW,NONE,INTERNATIONAL,0
372.73,LOW,NONE,DOMESTIC,0
1458.6,HIGH,NONE,DOMESTIC,1
281.01,LOW,NONE,INTERNATIONAL,0
64.28,LOW,NONE,DOMESTIC,0
669.55,MEDIUM,NONE,DOMESTIC,0
762.94,MEDIUM,NONE,INTERNATIONAL,0
532.41,MEDIUM,NONE,DOMESTIC,0
601.88,MEDIUM,NONE,INTERNATIONAL,0
152.61,LOW,NONE,DOMESTIC,0
62.77,LOW,NONE,INTERNATIONAL,0
68.14,LOW,NONE,DOMESTIC,1
24.19,LOW,NONE,DOMESTIC,0
302.93,LOW,NONE,DOMESTIC,0
196.56,LOW,NONE,INTERNATIONAL,0
121.47,LOW,LOW,DOMESTIC,0
5.0,LOW,LOW,INTERNATIONAL,0
40.84,LOW,NONE,DOMESTIC,0
999.01,MEDIUM,NONE,DOMESTIC,0
89.69,LOW,NONE,DOMESTIC,0
357.96,LOW,NONE,DOMESTIC,0
33.66,LOW,NONE,INTERNATIONAL,0
1534.38,HIGH,NONE,DOMESTIC,1
181.13,LOW,NONE,DOMESTIC,0
325.44,LOW,NONE,DOMESTIC,0
5081.85,HIGH,NONE,DOMESTIC,0
1704.15,HIGH,NONE,DOMESTIC,1
145.44,LOW,NONE,INTERNATIONAL,0
98.77,LOW,NONE,DOMESTIC,0
141.76,LOW,HIGH,DOMESTIC,0
437.9,LOW,NONE,DOMESTIC,0
190.87,LOW,NONE,DOMESTIC,0
129.03,LOW,NONE,DOMESTIC,0
1594.51,HIGH,NONE,DOMESTIC,0
188.57,LOW,NONE,DOMESTIC,0
4905.31,HIGH,NONE,INTERNATIONAL,0
248.67,LOW,NONE,INTERNATIONAL,0
2449.91,HIGH,NONE,INTERNATIONAL,0
356.38,LOW,NONE,INTERNATIONAL,0
807.24,MEDIUM,NONE,DOMESTIC,0
82.72,LOW,NONE,INTERNATIONAL,0
69.48,LOW,NONE,DOMESTIC,0
409.21,LOW,NONE,DOMESTIC,1
835.62,MEDIUM,MEDIUM,DOMESTIC,0
232.29,LOW,NONE,DOMESTIC,0
38.74,LOW,NONE,INTERNATIONAL,1
35.07,LOW,NONE,INTERNATIONAL,0
32.04,LOW,NONE,DOMESTIC,0
20.23,LOW,NONE,DOMESTIC,0
255.04,LOW,NONE,DOMESTIC,0
1004.69,HIGH,NONE,DOMESTIC,0
216.05,LOW,NONE,INTERNATIONAL,0
10.4,LOW,NONE,INTERNATIONAL,0
170.05,LOW,NONE,DOMESTIC,0
176.59,LOW,NONE,DOMESTIC,0
3726.5,HIGH,NONE,DOMESTIC,0
30.77,LOW,NONE,DOMESTIC,0
129.83,LOW,NONE,DOMESTIC,0
2200.7,HIGH,NONE,DOMESTIC,0
403.87,LOW,NONE,DOMESTIC,0
470.64,LOW,NONE,DOMESTIC,0
256.8,LOW,HIGH,DOMESTIC,0
343.45,LOW,NONE,INTERNATIONAL,0
628.54,MEDIUM,NONE,DOMESTIC,0
73.76,LOW,NONE,INTERNATIONAL,1
719.82,MEDIUM,NONE,DOMESTIC,0
34.47,LOW,NONE,DOMESTIC,0
342.72,LOW,NONE,DOMESTIC,0
280.04,LOW,NONE,DOMESTIC,0
95.74,LOW,NONE,DOMESTIC,0
213.36,LOW,NONE,DOMESTIC,0
94.94,LOW,NONE,DOMESTIC,0
51.77,LOW,MEDIUM,INTERNATIONAL,0
136.49,LOW,NONE,DOMESTIC,0
49.56,LOW,NONE,DOMESTIC,0
340.16,LOW,NONE,INTERNATIONAL,0
46.57,LOW,NONE,DOMESTIC,0
575.25,MEDIUM,NONE,DOMESTIC,0
44.64,LOW,LOW,INTERNATIONAL,0
102.42,LOW,NONE,DOMESTIC,0
94.67,LOW,NONE,DOMESTIC,0
1316.29,HIGH,NONE,DOMESTIC,0
343.61,LOW,NONE,DOMESTIC,0
165.3,LOW,NONE,INTERNATIONAL,0
431.34,LOW,NONE,DOMESTIC,0
12.79,LOW,MEDIUM,DOMESTIC,0
207.56,LOW,NONE,DOMESTIC,0
3262.57,HIGH,NONE,DOMESTIC,0
263.04,LOW,NONE,DOMESTIC,0
241.12,LOW,NONE,DOMESTIC,0
461.09,LOW,NONE,INTERNATIONAL,0
737.08,MEDIUM,NONE,DOMESTIC,0
14.84,LOW,NONE,INTERNATIONAL,0
22.7,LOW,NONE,DOMESTIC,0
292.22,LOW,NONE,DOMESTIC,1
83.81,LOW,NONE,DOMESTIC,0
1293.18,HIGH,MEDIUM,INTERNATIONAL,0
143.76,LOW,MEDIUM,DOMESTIC,0
16.15,LOW,NONE,DOMESTIC,0
39.72,LOW,NONE,INTERNATIONAL,0
5.37,LOW,NONE,DOMESTIC,0
160.38,LOW,NONE,DOMESTIC,0
170.6,LOW,NONE,DOMESTIC,0
124.04,LOW,NONE,DOMESTIC,0
943.99,MEDIUM,NONE,DOMESTIC,0
1109.46,HIGH,NONE,DOMESTIC,0
174.79,LOW,NONE,INTERNATIONAL,0
12.33,LOW,NONE,DOMESTIC,1
506.21,MEDIUM,NONE,DOMESTIC,0
465.62,LOW,NONE,INTERNATIONAL,0
334.06,LOW,NONE,DOMESTIC,0
827.68,MEDIUM,NONE,DOMESTIC,0
45.65,LOW,NONE,DOMESTIC,0
3312.46,HIGH,NONE,DOMESTIC,0
60.24,LOW,NONE,DOMESTIC,0
604.91,MEDIUM,NONE,INTERNATIONAL,0
22.55,LOW,NONE,INTERNATIONAL,0
62.66,LOW,HIGH,DOMESTIC,0
1703.99,HIGH,NONE,DOMESTIC,0
154.69,LOW,NONE,INTERNATIONAL,1
683.7,MEDIUM,NONE,DOMESTIC,0
302.93,LOW,NONE,INTERNATIONAL,0
190.94,LOW,NONE,DOMESTIC,0
1386.9,HIGH,NONE,DOMESTIC,0
159.83,LOW,LOW,INTERNATIONAL,0
19.88,LOW,NONE,DOMESTIC,0
74.38,LOW,NONE,DOMESTIC,0
463.0,LOW,NONE,INTERNATIONAL,0
375.24,LOW,NONE,DOMESTIC,0
26.53,LOW,NONE,DOMESTIC,0
82.75,LOW,NONE,DOMESTIC,0
100.31,LOW,NONE,DOMESTIC,0
134.32,LOW,NONE,DOMESTIC,0
34.33,LOW,NONE,DOMESTIC,0
94.19,LOW,NONE,DOMESTIC,0
82.27,LOW,HIGH,INTERNATIONAL,0
623.41,MEDIUM,NONE,DOMESTIC,0
655.86,MEDIUM,NONE,DOMESTIC,0
180.69,LOW,NONE,DOMESTIC,0
129.59,LOW,NONE,INTERNATIONAL,0
265.74,LOW,NONE,DOMESTIC,0
73.06,LOW,HIGH,INTERNATIONAL,1
46.78,LOW,NONE,DOMESTIC,0
61.83,LOW,NONE,DOMESTIC,0
93.38,LOW,NONE,INTERNATIONAL,1
45.74,LOW,NONE,INTERNATIONAL,0
273.8,LOW,NONE,DOMESTIC,0
589.19,MEDIUM,NONE,DOMESTIC,0
25.82,LOW,NONE,DOMESTIC,0
227.59,LOW,NONE,DOMESTIC,0
163.48,LOW,NONE,INTERNATIONAL,0
348.86,LOW,NONE,INTERNATIONAL,0
216.19,LOW,NONE,DOMESTIC,0
30.92,LOW,NONE,DOMESTIC,0
40.02,LOW,NONE,DOMESTIC,0
228.91,LOW,NONE,DOMESTIC,0
882.26,MEDIUM,LOW,INTERNATIONAL,0
11.07,LOW,NONE,DOMESTIC,0
350.85,LOW,NONE,DOMESTIC,0
1096.21,HIGH,NONE,DOMESTIC,0
178.94,LOW,NONE,INTERNATIONAL,0
462.39,LOW,NONE,DOMESTIC,0
85.16,LOW,NONE,DOMESTIC,0
187.26,LOW,NONE,DOMESTIC,0
24.67,LOW,NONE,DOMESTIC,0
9.29,LOW,NONE,DOMESTIC,0
785.53,MEDIUM,NONE,DOMESTIC,0
58.2,LOW,NONE,DOMESTIC,0
118.95,LOW,NONE,DOMESTIC,0
33.85,LOW,NONE,INTERNATIONAL,0
32.79,LOW,NONE,DOMESTIC,0
173.98,LOW,NONE,DOMESTIC,0
82.16,LOW,NONE,DOMESTIC,0
366.46,LOW,MEDIUM,INTERNATIONAL,0
405.27,LOW,NONE,INTERNATIONAL,0
339.26,LOW,LOW,INTERNATIONAL,0
303.61,LOW,NONE,DOMESTIC,0
1851.25,HIGH,MEDIUM,DOMESTIC,0
52.06,LOW,NONE,DOMESTIC,0
204.27,LOW,NONE,DOMESTIC,0
1015.12,HIGH,NONE,DOMESTIC,0
1212.88,HIGH,NONE,DOMESTIC,0
32.27,LOW,NONE,DOMESTIC,0
144.31,LOW,NONE,DOMESTIC,0
1376.21,HIGH,NONE,DOMESTIC,1
436.83,LOW,NONE,DOMESTIC,0
286.36,LOW,LOW,INTERNATIONAL,0
163.98,LOW,NONE,DOMESTIC,0
131.04,LOW,MEDIUM,INTERNATIONAL,0
324.64,LOW,NONE,DOMESTIC,0
156.48,LOW,HIGH,INTERNATIONAL,1
207.71,LOW,NONE,INTERNATIONAL,0
244.63,LOW,NONE,DOMESTIC,0
88.08,LOW,MEDIUM,INTERNATIONAL,1
451.24,LOW,NONE,DOMESTIC,0
11247.01,HIGH,NONE,DOMESTIC,1
19.98,LOW,NONE,INTERNATIONAL,0
340.71,LOW,NONE,DOMESTIC,0
78.84,LOW,NONE,DOMESTIC,0
479.68,LOW,NONE,DOMESTIC,0
234.27,LOW,HIGH,DOMESTIC,1
615.31,MEDIUM,NONE,DOMESTIC,0
1075.52,HIGH,NONE,DOMESTIC,0
285.26,LOW,NONE,DOMESTIC,0
1014.24,HIGH,NONE,DOMESTIC,0
9.29,LOW,NONE,DOMESTIC,0
1883.22,HIGH,NONE,DOMESTIC,0
365.02,LOW,NONE,DOMESTIC,0
942.67,MEDIUM,NONE,DOMESTIC,0
42.39,LOW,NONE,DOMESTIC,0
71.67,LOW,NONE,INTERNATIONAL,0
267.91,LOW,NONE,INTERNATIONAL,0
215.0,LOW,NONE,DOMESTIC,0
322.39,LOW,NONE,DOMESTIC,0
951.2,MEDIUM,HIGH,INTERNATIONAL,1
20.3,LOW,NONE,INTERNATIONAL,0
819.16,MEDIUM,NONE,DOMESTIC,0
222.47,LOW,NONE,DOMESTIC,0
167.09,LOW,NONE,DOMESTIC,0
30.19,LOW,NONE,DOMESTIC,0
433.87,LOW,NONE,INTERNATIONAL,0
8.45,LOW,NONE,DOMESTIC,0
527.93,MEDIUM,NONE,DOMESTIC,0
29.35,LOW,NONE,DOMESTIC,1
236.46,LOW,NONE,INTERNATIONAL,0
187.31,LOW,NONE,DOMESTIC,0
1066.89,HIGH,NONE,INTERNATIONAL,0
172.85,LOW,NONE,DOMESTIC,0
86.19,LOW,NONE,DOMESTIC,1
111.02,LOW,NONE,DOMESTIC,0
1226.62,HIGH,NONE,DOMESTIC,1
453.79,LOW,NONE,INTERNATIONAL,0
130.72,LOW,NONE,DOMESTIC,0
159.88,LOW,NONE,DOMESTIC,0
26.52,LOW,NONE,DOMESTIC,0
371.69,LOW,NONE,DOMESTIC,0
20.45,LOW,NONE,DOMESTIC,0
607.01,MEDIUM,HIGH,INTERNATIONAL,1
261.72,LOW,NONE,DOMESTIC,0
5519.33,HIGH,NONE,DOMESTIC,1
49.82,LOW,NONE,DOMESTIC,0
191.53,LOW,NONE,DOMESTIC,0
2493.18,HIGH,NONE,DOMESTIC,0
1098.83,HIGH,NONE,DOMESTIC,0
85.95,LOW,NONE,DOMESTIC,0
297.67,LOW,NONE,DOMESTIC,0
220.59,LOW,LOW,INTERNATIONAL,0
321.91,LOW,NONE,INTERNATIONAL,0
85.66,LOW,NONE,DOMESTIC,0
195.01,LOW,NONE,DOMESTIC,0
25.44,LOW,NONE,DOMESTIC,0
264.03,LOW,NONE,DOMESTIC,0
403.9,LOW,NONE,DOMESTIC,0
161.84,LOW,NONE,DOMESTIC,0
24.86,LOW,NONE,INTERNATIONAL,0
835.6,MEDIUM,NONE,DOMESTIC,0
359.87,LOW,NONE,DOMESTIC,0
82.56,LOW,NONE,DOMESTIC,0
150.63,LOW,NONE,DOMESTIC,0
29.01,LOW,NONE,DOMESTIC,0
55.11,LOW,NONE,DOMESTIC,0
106.44,LOW,NONE,DOMESTIC,0
1155.16,HIGH,NONE,INTERNATIONAL,0
92.79,LOW,NONE,INTERNATIONAL,0
522.13,MEDIUM,NONE,DOMESTIC,0
106.37,LOW,NONE,INTERNATIONAL,0
307.46,LOW,NONE,DOMESTIC,0
181.77,LOW,MEDIUM,INTERNATIONAL,0
714.98,MEDIUM,LOW,DOMESTIC,1
106.87,LOW,NONE,DOMESTIC,0
26.33,LOW,NONE,DOMESTIC,0
34.06,LOW,HIGH,DOMESTIC,0
107.3,LOW,NONE,DOMESTIC,0
40.75,LOW,NONE,DOMESTIC,0
382.76,LOW,NONE,DOMESTIC,0
117.31,LOW,NONE,DOMESTIC,0
5428.11,HIGH,NONE,DOMESTIC,1
21.07,LOW,NONE,INTERNATIONAL,0
289.61,LOW,NONE,DOMESTIC,0
47.99,LOW,NONE,INTERNATIONAL,1
113.02,LOW,NONE,DOMESTIC,0
266.28,LOW,NONE,DOMESTIC,0
9.53,LOW,NONE,DOMESTIC,0
302.88,LOW,NONE,DOMESTIC,0
2871.39,HIGH,NONE,DOMESTIC,0
119.28,LOW,NONE,INTERNATIONAL,0
312.43,LOW,NONE,DOMESTIC,0
877.67,MEDIUM,NONE,INTERNATIONAL,0
176.32,LOW,NONE,DOMESTIC,0
100.42,LOW,NONE,DOMESTIC,0
10.19,LOW,NONE,DOMESTIC,0
522.68,MEDIUM,NONE,INTERNATIONAL,0
188.83,LOW,NONE,DOMESTIC,0
56.06,LOW,NONE,DOMESTIC,0
261.0,LOW,NONE,DOMESTIC,0
100.05,LOW,NONE,DOMESTIC,0
107.8,LOW,NONE,INTERNATIONAL,0
498.76,LOW,NONE,INTERNATIONAL,0
36.12,LOW,NONE,DOMESTIC,0
904.61,MEDIUM,MEDIUM,INTERNATIONAL,0
33.34,LOW,NONE,INTERNATIONAL,0
89.93,LOW,NONE,DOMESTIC,0
2950.13,HIGH,NONE,DOMESTIC,0
1007.83,HIGH,NONE,DOMESTIC,0
250.98,LOW,NONE,DOMESTIC,0
61.8,LOW,NONE,DOMESTIC,0
107.67,LOW,NONE,DOMESTIC,0
242.88,LOW,NONE,INTERNATIONAL,0
231.43,LOW,NONE,INTERNATIONAL,0
194.6,LOW,NONE,DOMESTIC,0
211.03,LOW,NONE,DOMESTIC,0
164.72,LOW,NONE,DOMESTIC,0
31.4,LOW,NONE,DOMESTIC,0
109.55,LOW,NONE,DOMESTIC,0
756.25,MEDIUM,NONE,DOMESTIC,0
34.69,LOW,NONE,DOMESTIC,0
170.33,LOW,NONE,DOMESTIC,0
72.74,LOW,NONE,DOMESTIC,0
255.69,LOW,LOW,DOMESTIC,0
130.19,LOW,HIGH,INTERNATIONAL,1
1616.65,HIGH,NONE,DOMESTIC,0
435.94,LOW,NONE,DOMESTIC,0
37.44,LOW,NONE,DOMESTIC,0
544.46,MEDIUM,NONE,DOMESTIC,0
77.31,LOW,NONE,DOMESTIC,0
100.96,LOW,NONE,DOMESTIC,0
336.06,LOW,NONE,DOMESTIC,0
113.27,LOW,NONE,DOMESTIC,0
734.35,MEDIUM,NONE,DOMESTIC,1
77.33,LOW,NONE,DOMESTIC,0
95.4,LOW,NONE,DOMESTIC,0
90.7,LOW,NONE,DOMESTIC,0
102.52,LOW,NONE,DOMESTIC,0
970.23,MEDIUM,NONE,DOMESTIC,0
514.14,MEDIUM,NONE,DOMESTIC,0
2212.88,HIGH,NONE,DOMESTIC,0
4698.26,HIGH,NONE,DOMESTIC,0
54.72,LOW,NONE,DOMESTIC,0
241.94,LOW,NONE,DOMESTIC,0
44.96,LOW,NONE,DOMESTIC,0
77.0,LOW,NONE,DOMESTIC,0
93.97,LOW,HIGH,INTERNATIONAL,0
52.8,LOW,NONE,INTERNATIONAL,0
53.17,LOW,NONE,INTERNATIONAL,0
181.06,LOW,MEDIUM,DOMESTIC,0
42.57,LOW,NONE,DOMESTIC,0
685.74,MEDIUM,NONE,DOMESTIC,0
63.73,LOW,NONE,DOMESTIC,0
9764.86,HIGH,NONE,DOMESTIC,0
119.61,LOW,NONE,DOMESTIC,0
242.46,LOW,NONE,DOMESTIC,0
38.28,LOW,NONE,DOMESTIC,0
2201.41,HIGH,NONE,DOMESTIC,0
997.2,MEDIUM,NONE,DOMESTIC,0
328.48,LOW,NONE,INTERNATIONAL,0
35.71,LOW,NONE,DOMESTIC,1
292.37,LOW,NONE,DOMESTIC,0
48.41,LOW,HIGH,INTERNATIONAL,0
1584.16,HIGH,NONE,DOMESTIC,0
655.92,MEDIUM,NONE,DOMESTIC,0
250.25,LOW,NONE,DOMESTIC,0
8.2,LOW,NONE,DOMESTIC,0
58.32,LOW,NONE,DOMESTIC,0
556.74,MEDIUM,LOW,INTERNATIONAL,0
1131.18,HIGH,NONE,INTERNATIONAL,0
983.39,MEDIUM,LOW,INTERNATIONAL,1
25.65,LOW,NONE,INTERNATIONAL,0
330.54,LOW,NONE,DOMESTIC,0
866.6,MEDIUM,MEDIUM,INTERNATIONAL,0
23.45,LOW,NONE,DOMESTIC,0
217.66,LOW,NONE,DOMESTIC,0
318.4,LOW,NONE,INTERNATIONAL,0
146.58,LOW,HIGH,INTERNATIONAL,1
18.05,LOW,LOW,INTERNATIONAL,0
141.73,LOW,NONE,DOMESTIC,0
141.42,LOW,NONE,DOMESTIC,0
180.14,LOW,MEDIUM,DOMESTIC,0
102.82,LOW,NONE,DOMESTIC,0
120.97,LOW,LOW,INTERNATIONAL,0
208.52,LOW,NONE,INTERNATIONAL,0
399.79,LOW,NONE,DOMESTIC,0
145.86,LOW,NONE,DOMESTIC,0
126.55,LOW,NONE,DOMESTIC,0
249.21,LOW,NONE,DOMESTIC,1
16.45,LOW,NONE,DOMESTIC,0
418.9,LOW,LOW,INTERNATIONAL,0
219.83,LOW,NONE,DOMESTIC,0
232.11,LOW,MEDIUM,INTERNATIONAL,0
804.82,MEDIUM,NONE,DOMESTIC,0
15.76,LOW,NONE,INTERNATIONAL,0
15.32,LOW,NONE,DOMESTIC,0
318.39,LOW,NONE,DOMESTIC,0
217.9,LOW,NONE,DOMESTIC,0
276.82,LOW,NONE,DOMESTIC,0
117.89,LOW,MEDIUM,INTERNATIONAL,0
539.43,MEDIUM,HIGH,DOMESTIC,0
774.87,MEDIUM,NONE,DOMESTIC,0
422.84,LOW,NONE,DOMESTIC,0
154.7,LOW,NONE,DOMESTIC,0
12.78,LOW,NONE,DOMESTIC,0
621.48,MEDIUM,NONE,DOMESTIC,0
1144.77,HIGH,NONE,DOMESTIC,1
525.2,MEDIUM,NONE,DOMESTIC,1
67.1,LOW,NONE,INTERNATIONAL,0
546.34,MEDIUM,NONE,INTERNATIONAL,1
702.99,MEDIUM,NONE,DOMESTIC,0
1804.48,HIGH,NONE,DOMESTIC,0
67.42,LOW,NONE,INTERNATIONAL,0
162.05,LOW,NONE,DOMESTIC,0
603.32,MEDIUM,NONE,INTERNATIONAL,0
237.73,LOW,NONE,DOMESTIC,1
48.68,LOW,HIGH,DOMESTIC,0
385.04,LOW,NONE,DOMESTIC,0
480.5,LOW,NONE,DOMESTIC,0
247.74,LOW,NONE,DOMESTIC,0
295.91,LOW,NONE,DOMESTIC,0
155.15,LOW,NONE,DOMESTIC,0
1618.58,HIGH,NONE,INTERNATIONAL,0
65.22,LOW,NONE,DOMESTIC,0
99.56,LOW,NONE,DOMESTIC,0
223.29,LOW,NONE,DOMESTIC,0
720.69,MEDIUM,NONE,DOMESTIC,0
29.14,LOW,NONE,DOMESTIC,0
37.51,LOW,NONE,DOMESTIC,0
14.05,LOW,NONE,DOMESTIC,0
229.93,LOW,NONE,DOMESTIC,0
48.61,LOW,NONE,DOMESTIC,0
130.91,LOW,NONE,DOMESTIC,0
537.26,MEDIUM,LOW,INTERNATIONAL,0
92.53,LOW,NONE,DOMESTIC,1
300.62,LOW,LOW,DOMESTIC,0
146.87,LOW,NONE,INTERNATIONAL,0
545.11,MEDIUM,NONE,DOMESTIC,1
417.82,LOW,NONE,DOMESTIC,0
86.45,LOW,NONE,INTERNATIONAL,0
175.2,LOW,NONE,DOMESTIC,0
900.26,MEDIUM,NONE,INTERNATIONAL,1
374.16,LOW,NONE,DOMESTIC,0
33.37,LOW,NONE,INTERNATIONAL,0
533.1,MEDIUM,NONE,INTERNATIONAL,0
50.88,LOW,NONE,DOMESTIC,0
1481.07,HIGH,NONE,INTERNATIONAL,0
876.7,MEDIUM,NONE,DOMESTIC,0
325.37,LOW,NONE,DOMESTIC,0
272.02,LOW,NONE,DOMESTIC,0
165.91,LOW,NONE,DOMESTIC,0
549.84,MEDIUM,NONE,DOMESTIC,0
133.36,LOW,NONE,DOMESTIC,0
302.37,LOW,NONE,DOMESTIC,0
713.9,MEDIUM,NONE,DOMESTIC,0
103.05,LOW,MEDIUM,INTERNATIONAL,0
95.75,LOW,NONE,DOMESTIC,0
43.87,LOW,NONE,INTERNATIONAL,0
52.28,LOW,LOW,INTERNATIONAL,0
18.64,LOW,NONE,INTERNATIONAL,1
589.28,MEDIUM,NONE,DOMESTIC,0
2529.21,HIGH,LOW,INTERNATIONAL,0
1506.92,HIGH,NONE,INTERNATIONAL,0
24.49,LOW,NONE,INTERNATIONAL,0
585.33,MEDIUM,NONE,INTERNATIONAL,0
1500.38,HIGH,NONE,DOMESTIC,0
118.74,LOW,HIGH,DOMESTIC,1
252.29,LOW,NONE,INTERNATIONAL,0
14.63,LOW,NONE,DOMESTIC,0
315.36,LOW,NONE,INTERNATIONAL,0
52.34,LOW,NONE,DOMESTIC,0
288.05,LOW,NONE,DOMESTIC,0
26.74,LOW,NONE,DOMESTIC,0
457.82,LOW,LOW,DOMESTIC,0
877.19,MEDIUM,NONE,INTERNATIONAL,0
76.43,LOW,NONE,DOMESTIC,1
47.41,LOW,NONE,DOMESTIC,0
11.98,LOW,NONE,DOMESTIC,0
153.54,LOW,NONE,INTERNATIONAL,0
100.33,LOW,HIGH,DOMESTIC,0
27.11,LOW,NONE,DOMESTIC,0
405.53,LOW,NONE,DOMESTIC,0
119.84,LOW,NONE,DOMESTIC,0
51.49,LOW,NONE,INTERNATIONAL,0
104.06,LOW,NONE,INTERNATIONAL,0
934.39,MEDIUM,NONE,DOMESTIC,0
496.5,LOW,NONE,DOMESTIC,0
184.58,LOW,NONE,DOMESTIC,0
507.46,MEDIUM,NONE,DOMESTIC,0
45.9,LOW,NONE,DOMESTIC,0
229.83,LOW,NONE,DOMESTIC,0
268.41,LOW,NONE,DOMESTIC,0
116.67,LOW,NONE,INTERNATIONAL,0
396.03,LOW,NONE,DOMESTIC,0
76.71,LOW,NONE,DOMESTIC,0
437.85,LOW,NONE,DOMESTIC,0
463.42,LOW,NONE,DOMESTIC,0
5.0,LOW,NONE,DOMESTIC,0
1097.23,HIGH,NONE,DOMESTIC,0
5.0,LOW,NONE,DOMESTIC,0
95.77,LOW,NONE,INTERNATIONAL,0
878.18,MEDIUM,LOW,INTERNATIONAL,0
143.35,LOW,NONE,INTERNATIONAL,0
30.39,LOW,NONE,DOMESTIC,0
50.25,LOW,NONE,DOMESTIC,0
880.02,MEDIUM,NONE,DOMESTIC,0
16.44,LOW,NONE,DOMESTIC,0
1010.06,HIGH,NONE,INTERNATIONAL,0
204.23,LOW,LOW,INTERNATIONAL,1
43.99,LOW,NONE,DOMESTIC,0
100.13,LOW,NONE,DOMESTIC,0
55.72,LOW,NONE,DOMESTIC,0
708.42,MEDIUM,NONE,DOMESTIC,0
591.35,MEDIUM,NONE,INTERNATIONAL,0
21.6,LOW,NONE,DOMESTIC,0
127.58,LOW,NONE,DOMESTIC,0
68.6,LOW,NONE,DOMESTIC,0
1261.26,HIGH,NONE,DOMESTIC,0
35.55,LOW,NONE,DOMESTIC,0
1918.57,HIGH,NONE,INTERNATIONAL,1
210.33,LOW,NONE,DOMESTIC,0
45.83,LOW,NONE,DOMESTIC,0
88.17,LOW,NONE,DOMESTIC,0
74.55,LOW,NONE,DOMESTIC,1
39.37,LOW,NONE,DOMESTIC,0
250.05,LOW,NONE,DOMESTIC,0
41.93,LOW,NONE,DOMESTIC,0
11.59,LOW,NONE,DOMESTIC,0
131.77,LOW,NONE,INTERNATIONAL,0
19.29,LOW,NONE,DOMESTIC,0
79.7,LOW,HIGH,INTERNATIONAL,0
64.48,LOW,NONE,DOMESTIC,0
67.86,LOW,NONE,DOMESTIC,0
3277.8,HIGH,NONE,DOMESTIC,1
237.41,LOW,NONE,DOMESTIC,0
306.4,LOW,NONE,DOMESTIC,0
20.0,LOW,NONE,DOMESTIC,0
90.99,LOW,NONE,INTERNATIONAL,0
294.21,LOW,HIGH,DOMESTIC,0
55.18,LOW,NONE,DOMESTIC,0
749.58,MEDIUM,HIGH,INTERNATIONAL,0
43.38,LOW,NONE,DOMESTIC,0
149.46,LOW,NONE,INTERNATIONAL,0
99.73,LOW,MEDIUM,INTERNATIONAL,0
274.64,LOW,MEDIUM,INTERNATIONAL,0
92.66,LOW,NONE,INTERNATIONAL,0
152.62,LOW,NONE,DOMESTIC,0
159.95,LOW,NONE,DOMESTIC,0
81.63,LOW,LOW,INTERNATIONAL,0
423.48,LOW,NONE,INTERNATIONAL,0
303.52,LOW,NONE,DOMESTIC,0
195.19,LOW,NONE,DOMESTIC,0
123.04,LOW,NONE,DOMESTIC,0
644.81,MEDIUM,NONE,DOMESTIC,0
160.01,LOW,NONE,DOMESTIC,0
145.41,LOW,NONE,INTERNATIONAL,0
253.4,LOW,NONE,INTERNATIONAL,0
2173.34,HIGH,NONE,DOMESTIC,0
36.02,LOW,NONE,DOMESTIC,0
622.0,MEDIUM,NONE,DOMESTIC,0
17.08,LOW,NONE,DOMESTIC,0
294.99,LOW,NONE,DOMESTIC,0
1844.55,HIGH,NONE,DOMESTIC,1
425.53,LOW,NONE,DOMESTIC,0
276.99,LOW,NONE,DOMESTIC,0
103.24,LOW,NONE,DOMESTIC,0
229.42,LOW,NONE,DOMESTIC,1
156.54,LOW,NONE,DOMESTIC,0
76.14,LOW,NONE,DOMESTIC,0
148.75,LOW,NONE,DOMESTIC,0
287.56,LOW,NONE,DOMESTIC,0
78.09,LOW,NONE,DOMESTIC,0
74.08,LOW,NONE,DOMESTIC,0
35.07,LOW,NONE,INTERNATIONAL,0
372.82,LOW,NONE,DOMESTIC,0
459.35,LOW,NONE,DOMESTIC,0
300.78,LOW,NONE,DOMESTIC,0
809.65,MEDIUM,NONE,INTERNATIONAL,0
247.71,LOW,NONE,INTERNATIONAL,0
373.47,LOW,NONE,DOMESTIC,0
331.56,LOW,NONE,DOMESTIC,0
194.43,LOW,NONE,DOMESTIC,1
107.45,LOW,NONE,DOMESTIC,0
4370.94,HIGH,NONE,DOMESTIC,0
119.52,LOW,NONE,DOMESTIC,0
89.54,LOW,NONE,INTERNATIONAL,0
395.26,LOW,HIGH,INTERNATIONAL,1
309.09,LOW,HIGH,DOMESTIC,0
33.02,LOW,LOW,INTERNATIONAL,1
1001.49,HIGH,NONE,DOMESTIC,0
193.73,LOW,NONE,DOMESTIC,0
49.1,LOW,NONE,INTERNATIONAL,0
1094.97,HIGH,NONE,DOMESTIC,0
511.98,MEDIUM,NONE,DOMESTIC,0
39.9,LOW,NONE,DOMESTIC,0
2423.15,HIGH,NONE,DOMESTIC,1
535.39,MEDIUM,NONE,DOMESTIC,0
216.99,LOW,NONE,DOMESTIC,0
1882.63,HIGH,NONE,DOMESTIC,1
272.78,LOW,NONE,DOMESTIC,0
211.82,LOW,NONE,DOMESTIC,0
90.22,LOW,NONE,DOMESTIC,0
482.57,LOW,NONE,DOMESTIC,0
418.65,LOW,NONE,DOMESTIC,0
224.4,LOW,NONE,DOMESTIC,0
75.73,LOW,MEDIUM,INTERNATIONAL,0
262.18,LOW,NONE,DOMESTIC,0
200.22,LOW,NONE,INTERNATIONAL,0
36.36,LOW,NONE,INTERNATIONAL,1
30.16,LOW,NONE,DOMESTIC,0
471.81,LOW,LOW,INTERNATIONAL,0
6.56,LOW,NONE,INTERNATIONAL,0
290.3,LOW,NONE,DOMESTIC,0
115.38,LOW,NONE,DOMESTIC,0
1286.6,HIGH,MEDIUM,INTERNATIONAL,0
113.01,LOW,MEDIUM,INTERNATIONAL,0
535.89,MEDIUM,NONE,DOMESTIC,0
128.74,LOW,LOW,INTERNATIONAL,1
256.52,LOW,NONE,INTERNATIONAL,0
594.88,MEDIUM,MEDIUM,INTERNATIONAL,0
117.82,LOW,LOW,INTERNATIONAL,1
844.7,MEDIUM,NONE,DOMESTIC,1
57.52,LOW,MEDIUM,DOMESTIC,0
327.45,LOW,NONE,DOMESTIC,0
764.48,MEDIUM,NONE,DOMESTIC,0
536.29,MEDIUM,NONE,DOMESTIC,0
2924.35,HIGH,LOW,INTERNATIONAL,0
78.49,LOW,NONE,INTERNATIONAL,0
34.18,LOW,NONE,DOMESTIC,0
57.47,LOW,NONE,DOMESTIC,0
536.59,MEDIUM,HIGH,DOMESTIC,0
430.88,LOW,NONE,DOMESTIC,0
252.57,LOW,NONE,DOMESTIC,0
48.31,LOW,NONE,DOMESTIC,0
619.49,MEDIUM,NONE,DOMESTIC,0
42.11,LOW,NONE,INTERNATIONAL,0
1051.75,HIGH,NONE,DOMESTIC,0
10416.74,HIGH,LOW,DOMESTIC,0
360.8,LOW,NONE,DOMESTIC,0
483.39,LOW,NONE,DOMESTIC,0
113.1,LOW,MEDIUM,INTERNATIONAL,0
19.1,LOW,NONE,INTERNATIONAL,0
97.51,LOW,NONE,DOMESTIC,0
50.31,LOW,NONE,DOMESTIC,0
31.19,LOW,NONE,DOMESTIC,0
2250.29,HIGH,NONE,DOMESTIC,0
317.98,LOW,NONE,DOMESTIC,0
367.31,LOW,NONE,DOMESTIC,0
144.96,LOW,NONE,DOMESTIC,0
174.21,LOW,NONE,DOMESTIC,0
808.98,MEDIUM,NONE,DOMESTIC,1
210.6,LOW,NONE,DOMESTIC,0
450.37,LOW,NONE,DOMESTIC,0
168.85,LOW,NONE,DOMESTIC,0
138.62,LOW,NONE,DOMESTIC,0
32.93,LOW,NONE,DOMESTIC,0
15.24,LOW,NONE,DOMESTIC,0
154.55,LOW,NONE,INTERNATIONAL,0
237.44,LOW,NONE,INTERNATIONAL,0
38.76,LOW,NONE,DOMESTIC,0
210.0,LOW,NONE,INTERNATIONAL,0
236.56,LOW,NONE,DOMESTIC,0
11.98,LOW,NONE,DOMESTIC,0
63.96,LOW,NONE,DOMESTIC,0
381.24,LOW,NONE,DOMESTIC,0
370.98,LOW,NONE,DOMESTIC,0
46.35,LOW,MEDIUM,INTERNATIONAL,0
272.47,LOW,NONE,DOMESTIC,0
874.7,MEDIUM,NONE,DOMESTIC,0
628.09,MEDIUM,NONE,DOMESTIC,0
193.44,LOW,NONE,DOMESTIC,0
116.96,LOW,NONE,DOMESTIC,0
94.07,LOW,NONE,DOMESTIC,0
413.72,LOW,NONE,DOMESTIC,0
286.29,LOW,NONE,INTERNATIONAL,0
514.57,MEDIUM,NONE,DOMESTIC,0
262.87,LOW,NONE,DOMESTIC,0
664.45,MEDIUM,NONE,INTERNATIONAL,0
249.97,LOW,NONE,DOMESTIC,0
634.58,MEDIUM,NONE,DOMESTIC,0
712.83,MEDIUM,NONE,DOMESTIC,0
74.26,LOW,MEDIUM,DOMESTIC,0
19.16,LOW,NONE,DOMESTIC,0
1767.54,HIGH,NONE,DOMESTIC,0
311.1,LOW,NONE,DOMESTIC,0
21.74,LOW,NONE,DOMESTIC,0
83.93,LOW,NONE,DOMESTIC,0
623.69,MEDIUM,NONE,DOMESTIC,0
150.82,LOW,NONE,DOMESTIC,0
110.21,LOW,NONE,DOMESTIC,0
1458.0,HIGH,NONE,DOMESTIC,0
53.51,LOW,NONE,DOMESTIC,0
74.9,LOW,NONE,INTERNATIONAL,0
292.66,LOW,NONE,DOMESTIC,0
372.69,LOW,NONE,DOMESTIC,0
429.96,LOW,NONE,DOMESTIC,0
752.8,MEDIUM,NONE,DOMESTIC,0
287.64,LOW,NONE,DOMESTIC,0
425.94,LOW,MEDIUM,INTERNATIONAL,0
155.04,LOW,NONE,DOMESTIC,0
239.43,LOW,NONE,DOMESTIC,0
254.37,LOW,LOW,DOMESTIC,0
294.13,LOW,LOW,INTERNATIONAL,0
624.25,MEDIUM,NONE,DOMESTIC,0
465.48,LOW,NONE,DOMESTIC,0
233.53,LOW,NONE,DOMESTIC,0
73.8,LOW,MEDIUM,INTERNATIONAL,0
241.05,LOW,NONE,DOMESTIC,0
211.83,LOW,NONE,INTERNATIONAL,0
285.55,LOW,NONE,INTERNATIONAL,0
4326.16,HIGH,NONE,DOMESTIC,0
108.48,LOW,NONE,INTERNATIONAL,0
389.05,LOW,NONE,DOMESTIC,0
930.81,MEDIUM,NONE,DOMESTIC,0
251.12,LOW,NONE,DOMESTIC,0
5165.3,HIGH,LOW,INTERNATIONAL,1
132.06,LOW,NONE,DOMESTIC,0
340.75,LOW,NONE,DOMESTIC,0
74.83,LOW,NONE,DOMESTIC,0
136.88,LOW,NONE,DOMESTIC,0
307.87,LOW,NONE,INTERNATIONAL,0
689.62,MEDIUM,NONE,DOMESTIC,0
338.46,LOW,NONE,DOMESTIC,0
1204.03,HIGH,NONE,INTERNATIONAL,0
193.53,LOW,NONE,INTERNATIONAL,0
140.5,LOW,NONE,DOMESTIC,0
8467.64,HIGH,NONE,DOMESTIC,0
374.6,LOW,NONE,DOMESTIC,0
83.29,LOW,NONE,DOMESTIC,0
86.17,LOW,NONE,DOMESTIC,0
61.62,LOW,NONE,DOMESTIC,0
778.99,MEDIUM,NONE,INTERNATIONAL,0
134.52,LOW,NONE,DOMESTIC,0
261.27,LOW,MEDIUM,INTERNATIONAL,0
201.92,LOW,NONE,INTERNATIONAL,0
590.6,MEDIUM,NONE,DOMESTIC,0
70.14,LOW,NONE,DOMESTIC,0
51.5,LOW,NONE,DOMESTIC,0
297.8,LOW,NONE,INTERNATIONAL,0
495.18,LOW,LOW,DOMESTIC,1
344.66,LOW,NONE,DOMESTIC,0
73.76,LOW,NONE,DOMESTIC,0
549.07,MEDIUM,NONE,INTERNATIONAL,0
80.59,LOW,NONE,DOMESTIC,0
108.8,LOW,LOW,DOMESTIC,0
61.52,LOW,LOW,DOMESTIC,1
1274.35,HIGH,NONE,DOMESTIC,0
517.36,MEDIUM,NONE,INTERNATIONAL,1
497.88,LOW,NONE,INTERNATIONAL,0
1184.84,HIGH,NONE,INTERNATIONAL,0
9805.55,HIGH,NONE,DOMESTIC,0
21.89,LOW,NONE,DOMESTIC,0
81.19,LOW,NONE,DOMESTIC,0
95.75,LOW,NONE,DOMESTIC,0
69.76,LOW,NONE,DOMESTIC,0
51.36,LOW,NONE,INTERNATIONAL,1
146.8,LOW,NONE,DOMESTIC,0
42.57,LOW,NONE,DOMESTIC,0
345.83,LOW,LOW,INTERNATIONAL,1
235.9,LOW,HIGH,DOMESTIC,0
421.16,LOW,NONE,DOMESTIC,0
436.62,LOW,NONE,INTERNATIONAL,0
496.55,LOW,NONE,DOMESTIC,0
132.89,LOW,NONE,DOMESTIC,0
3855.17,HIGH,NONE,DOMESTIC,0
301.9,LOW,MEDIUM,INTERNATIONAL,0
17.8,LOW,NONE,DOMESTIC,0
56.85,LOW,NONE,DOMESTIC,0
20.99,LOW,NONE,DOMESTIC,0
225.21,LOW,NONE,DOMESTIC,0
186.64,LOW,MEDIUM,INTERNATIONAL,1
116.89,LOW,NONE,DOMESTIC,0
3322.18,HIGH,NONE,DOMESTIC,1
461.63,LOW,NONE,DOMESTIC,0
586.32,MEDIUM,NONE,DOMESTIC,0
62.59,LOW,NONE,DOMESTIC,0
57.1,LOW,NONE,DOMESTIC,0
231.21,LOW,NONE,DOMESTIC,0
277.88,LOW,NONE,DOMESTIC,0
17.95,LOW,MEDIUM,INTERNATIONAL,0
172.47,LOW,NONE,INTERNATIONAL,0
224.22,LOW,NONE,DOMESTIC,0
164.54,LOW,NONE,DOMESTIC,1
73.37,LOW,NONE,DOMESTIC,0
106.19,LOW,NONE,DOMESTIC,0
173.27,LOW,NONE,DOMESTIC,1
248.69,LOW,NONE,INTERNATIONAL,0
497.75,LOW,NONE,INTERNATIONAL,0
946.51,MEDIUM,NONE,DOMESTIC,0
147.86,LOW,NONE,INTERNATIONAL,0
118.84,LOW,NONE,DOMESTIC,0
397.21,LOW,NONE,DOMESTIC,0
501.83,MEDIUM,NONE,DOMESTIC,0
122.42,LOW,NONE,DOMESTIC,0
639.48,MEDIUM,NONE,INTERNATIONAL,0
825.56,MEDIUM,NONE,DOMESTIC,0
1258.16,HIGH,NONE,DOMESTIC,0
2426.88,HIGH,NONE,DOMESTIC,0
68.3,LOW,NONE,INTERNATIONAL,0
224.17,LOW,NONE,DOMESTIC,0
223.38,LOW,NONE,DOMESTIC,0
192.72,LOW,NONE,DOMESTIC,0
91.57,LOW,NONE,INTERNATIONAL,0
29.61,LOW,NONE,DOMESTIC,0
249.32,LOW,LOW,DOMESTIC,0
77.97,LOW,NONE,INTERNATIONAL,0
247.08,LOW,NONE,DOMESTIC,0
75.31,LOW,NONE,DOMESTIC,0
49.85,LOW,NONE,DOMESTIC,0
301.85,LOW,NONE,DOMESTIC,0
269.72,LOW,NONE,DOMESTIC,0
480.9,LOW,NONE,DOMESTIC,0
4207.16,HIGH,NONE,DOMESTIC,0
319.89,LOW,NONE,DOMESTIC,0
423.47,LOW,NONE,DOMESTIC,0
51.36,LOW,NONE,INTERNATIONAL,0
38.72,LOW,NONE,DOMESTIC,0
1863.94,HIGH,NONE,DOMESTIC,0
63.24,LOW,NONE,DOMESTIC,1
53.75,LOW,NONE,DOMESTIC,0
208.69,LOW,NONE,DOMESTIC,0
194.78,LOW,NONE,DOMESTIC,0
65.06,LOW,HIGH,DOMESTIC,1
145.75,LOW,NONE,DOMESTIC,0
1156.65,HIGH,NONE,INTERNATIONAL,0
74.11,LOW,NONE,INTERNATIONAL,0
33.52,LOW,NONE,INTERNATIONAL,0
785.35,MEDIUM,MEDIUM,DOMESTIC,0
427.62,LOW,NONE,DOMESTIC,0
95.19,LOW,NONE,DOMESTIC,0
25.99,LOW,NONE,INTERNATIONAL,0
80.51,LOW,NONE,INTERNATIONAL,0
204.34,LOW,NONE,INTERNATIONAL,0
1061.34,HIGH,NONE,DOMESTIC,0
54.28,LOW,NONE,INTERNATIONAL,0
196.28,LOW,NONE,DOMESTIC,0
547.34,MEDIUM,NONE,INTERNATIONAL,0
8.84,LOW,NONE,DOMESTIC,0
888.24,MEDIUM,NONE,DOMESTIC,0
44.58,LOW,NONE,DOMESTIC,0
344.41,LOW,MEDIUM,INTERNATIONAL,0
306.94,LOW,NONE,DOMESTIC,0
951.29,MEDIUM,NONE,DOMESTIC,0
462.84,LOW,NONE,DOMESTIC,0
8.88,LOW,NONE,DOMESTIC,0
76.26,LOW,LOW,INTERNATIONAL,1
265.13,LOW,NONE,DOMESTIC,0
169.09,LOW,NONE,DOMESTIC,0
419.22,LOW,NONE,INTERNATIONAL,0
638.6,MEDIUM,NONE,DOMESTIC,0
500.21,MEDIUM,NONE,DOMESTIC,0
164.74,LOW,NONE,DOMESTIC,0
18.19,LOW,NONE,DOMESTIC,1
118.95,LOW,NONE,DOMESTIC,0
385.96,LOW,NONE,DOMESTIC,0
50.48,LOW,NONE,DOMESTIC,0
515.87,MEDIUM,NONE,INTERNATIONAL,0
749.91,MEDIUM,NONE,INTERNATIONAL,0
261.1,LOW,NONE,INTERNATIONAL,0
5.0,LOW,NONE,DOMESTIC,0
39.18,LOW,NONE,DOMESTIC,0
2807.31,HIGH,NONE,INTERNATIONAL,1
105.19,LOW,NONE,INTERNATIONAL,0
15.11,LOW,NONE,DOMESTIC,0
1165.86,HIGH,NONE,DOMESTIC,0
224.0,LOW,NONE,DOMESTIC,0
977.79,MEDIUM,NONE,DOMESTIC,0
319.74,LOW,NONE,DOMESTIC,0
408.58,LOW,NONE,DOMESTIC,0
359.13,LOW,NONE,INTERNATIONAL,0
564.1,MEDIUM,NONE,DOMESTIC,0
4760.74,HIGH,NONE,DOMESTIC,1
816.06,MEDIUM,NONE,DOMESTIC,0
26.05,LOW,NONE,INTERNATIONAL,0
402.07,LOW,LOW,INTERNATIONAL,1
1027.24,HIGH,NONE,DOMESTIC,0
1115.74,HIGH,LOW,DOMESTIC,0
123.68,LOW,NONE,DOMESTIC,0
1060.3,HIGH,HIGH,INTERNATIONAL,1
769.76,MEDIUM,NONE,DOMESTIC,0
7090.61,HIGH,NONE,INTERNATIONAL,1
79.93,LOW,NONE,DOMESTIC,0
110.9,LOW,NONE,DOMESTIC,0
145.53,LOW,NONE,DOMESTIC,0
113.5,LOW,NONE,DOMESTIC,0
66.16,LOW,NONE,DOMESTIC,0
5.28,LOW,NONE,DOMESTIC,0
122.34,LOW,NONE,INTERNATIONAL,0
362.22,LOW,NONE,DOMESTIC,0
113.04,LOW,NONE,INTERNATIONAL,0
3000.07,HIGH,NONE,DOMESTIC,0
224.01,LOW,HIGH,DOMESTIC,0
1257.04,HIGH,NONE,INTERNATIONAL,0
313.11,LOW,NONE,INTERNATIONAL,0
671.34,MEDIUM,NONE,DOMESTIC,0
320.73,LOW,NONE,DOMESTIC,0
1396.17,HIGH,MEDIUM,DOMESTIC,0
237.26,LOW,NONE,DOMESTIC,0
429.83,LOW,NONE,DOMESTIC,0
360.75,LOW,NONE,DOMESTIC,0
149.07,LOW,NONE,DOMESTIC,0
380.07,LOW,NONE,DOMESTIC,0
4491.98,HIGH,NONE,INTERNATIONAL,1
152.72,LOW,MEDIUM,INTERNATIONAL,0
387.57,LOW,NONE,INTERNATIONAL,0
1201.86,HIGH,NONE,DOMESTIC,0
1025.53,HIGH,NONE,DOMESTIC,0
223.51,LOW,NONE,DOMESTIC,0
8.81,LOW,NONE,DOMESTIC,0
441.94,LOW,NONE,DOMESTIC,0
10.99,LOW,NONE,DOMESTIC,0
1600.45,HIGH,NONE,DOMESTIC,0
276.56,LOW,NONE,DOMESTIC,0
848.26,MEDIUM,NONE,DOMESTIC,0
65.09,LOW,NONE,DOMESTIC,0
27.05,LOW,NONE,DOMESTIC,0
312.83,LOW,NONE,DOMESTIC,0
210.24,LOW,NONE,INTERNATIONAL,0
113.3,LOW,NONE,DOMESTIC,0
246.64,LOW,NONE,INTERNATIONAL,0
9224.94,HIGH,NONE,INTERNATIONAL,0
678.74,MEDIUM,NONE,DOMESTIC,0
907.28,MEDIUM,NONE,DOMESTIC,0
687.42,MEDIUM,NONE,DOMESTIC,0
1621.17,HIGH,NONE,DOMESTIC,0
170.21,LOW,NONE,DOMESTIC,0
13.73,LOW,NONE,INTERNATIONAL,0
170.55,LOW,MEDIUM,INTERNATIONAL,0
658.17,MEDIUM,NONE,DOMESTIC,0
59.41,LOW,NONE,DOMESTIC,0
173.39,LOW,NONE,DOMESTIC,0
86.46,LOW,NONE,INTERNATIONAL,0
1671.32,HIGH,NONE,DOMESTIC,0
605.1,MEDIUM,NONE,DOMESTIC,1
530.18,MEDIUM,NONE,INTERNATIONAL,0
509.17,MEDIUM,NONE,DOMESTIC,0
209.21,LOW,NONE,DOMESTIC,0
287.24,LOW,NONE,DOMESTIC,0
44.42,LOW,NONE,DOMESTIC,0
11.5,LOW,NONE,DOMESTIC,0
269.41,LOW,NONE,DOMESTIC,0
340.7,LOW,LOW,DOMESTIC,0
1125.67,HIGH,NONE,INTERNATIONAL,0
1835.24,HIGH,NONE,DOMESTIC,0
1831.93,HIGH,NONE,INTERNATIONAL,0
57.19,LOW,NONE,DOMESTIC,0
136.74,LOW,LOW,INTERNATIONAL,0
420.77,LOW,NONE,DOMESTIC,0
6712.31,HIGH,NONE,INTERNATIONAL,0
1622.56,HIGH,NONE,DOMESTIC,0
997.06,MEDIUM,NONE,DOMESTIC,0
130.34,LOW,NONE,DOMESTIC,0
66.77,LOW,NONE,DOMESTIC,0
638.2,MEDIUM,NONE,INTERNATIONAL,0
49.79,LOW,NONE,INTERNATIONAL,0
159.45,LOW,NONE,INTERNATIONAL,0
188.42,LOW,NONE,DOMESTIC,0
1889.48,HIGH,NONE,INTERNATIONAL,0
136.29,LOW,MEDIUM,INTERNATIONAL,0
8.17,LOW,NONE,DOMESTIC,0
434.69,LOW,NONE,DOMESTIC,0
85.62,LOW,NONE,DOMESTIC,0
233.03,LOW,NONE,DOMESTIC,0
195.7,LOW,NONE,DOMESTIC,0
152.04,LOW,NONE,INTERNATIONAL,1
639.44,MEDIUM,NONE,DOMESTIC,0
27.78,LOW,NONE,DOMESTIC,0
109.47,LOW,NONE,DOMESTIC,0
553.95,MEDIUM,NONE,INTERNATIONAL,0
96.03,LOW,LOW,INTERNATIONAL,0
25.07,LOW,NONE,INTERNATIONAL,0
542.49,MEDIUM,NONE,DOMESTIC,0
1002.05,HIGH,NONE,DOMESTIC,0
207.03,LOW,NONE,DOMESTIC,0
15.59,LOW,NONE,DOMESTIC,0
570.6,MEDIUM,NONE,DOMESTIC,0
23.4,LOW,NONE,DOMESTIC,0
333.79,LOW,NONE,DOMESTIC,0
66.39,LOW,NONE,DOMESTIC,0
45.96,LOW,NONE,INTERNATIONAL,0
121.15,LOW,NONE,DOMESTIC,0
171.77,LOW,NONE,DOMESTIC,0
92.2,LOW,NONE,DOMESTIC,0
487.05,LOW,NONE,DOMESTIC,0
120.47,LOW,NONE,DOMESTIC,0
826.24,MEDIUM,NONE,DOMESTIC,0
321.57,LOW,NONE,DOMESTIC,0
85.79,LOW,NONE,DOMESTIC,0
68.35,LOW,NONE,DOMESTIC,0
23.8,LOW,LOW,INTERNATIONAL,1
325.75,LOW,NONE,INTERNATIONAL,0
136.31,LOW,NONE,DOMESTIC,0
8.95,LOW,NONE,DOMESTIC,0
106.74,LOW,NONE,DOMESTIC,0
65.19,LOW,NONE,DOMESTIC,0
1846.03,HIGH,NONE,DOMESTIC,0
22.08,LOW,NONE,DOMESTIC,0
31.43,LOW,NONE,DOMESTIC,0
984.45,MEDIUM,HIGH,INTERNATIONAL,0
1373.69,HIGH,NONE,DOMESTIC,0
80.47,LOW,NONE,INTERNATIONAL,0
93.72,LOW,NONE,DOMESTIC,0
505.5,MEDIUM,NONE,DOMESTIC,0
9.51,LOW,NONE,INTERNATIONAL,1
17.83,LOW,NONE,DOMESTIC,0
150.6,LOW,NONE,DOMESTIC,0
1782.87,HIGH,NONE,INTERNATIONAL,0
122.17,LOW,NONE,DOMESTIC,0
252.12,LOW,NONE,DOMESTIC,0
1016.62,HIGH,NONE,DOMESTIC,0
3781.67,HIGH,NONE,DOMESTIC,0
100.98,LOW,NONE,DOMESTIC,0
215.06,LOW,NONE,DOMESTIC,0
2574.48,HIGH,NONE,INTERNATIONAL,0
28.18,LOW,NONE,DOMESTIC,0
880.83,MEDIUM,NONE,DOMESTIC,0
55.64,LOW,NONE,DOMESTIC,0
252.64,LOW,NONE,DOMESTIC,0
158.55,LOW,NONE,INTERNATIONAL,0
60.36,LOW,NONE,DOMESTIC,0
58.35,LOW,NONE,DOMESTIC,0
319.51,LOW,NONE,INTERNATIONAL,0
843.54,MEDIUM,NONE,INTERNATIONAL,0
184.65,LOW,NONE,INTERNATIONAL,0
241.84,LOW,NONE,DOMESTIC,0
475.66,LOW,NONE,DOMESTIC,0
59.26,LOW,LOW,DOMESTIC,0
597.18,MEDIUM,NONE,DOMESTIC,0
664.97,MEDIUM,NONE,INTERNATIONAL,0
7394.73,HIGH,NONE,DOMESTIC,0
132.41,LOW,NONE,DOMESTIC,0
118.54,LOW,HIGH,INTERNATIONAL,0
621.25,MEDIUM,NONE,INTERNATIONAL,0
664.75,MEDIUM,NONE,DOMESTIC,0
106.83,LOW,MEDIUM,INTERNATIONAL,0
127.66,LOW,NONE,DOMESTIC,0
456.76,LOW,NONE,DOMESTIC,0
71.98,LOW,NONE,DOMESTIC,0
126.39,LOW,NONE,INTERNATIONAL,0
248.29,LOW,NONE,INTERNATIONAL,0
843.99,MEDIUM,MEDIUM,DOMESTIC,0
97.26,LOW,NONE,DOMESTIC,0
18.29,LOW,NONE,DOMESTIC,0
16.55,LOW,NONE,DOMESTIC,0
40.18,LOW,NONE,INTERNATIONAL,1
37.37,LOW,NONE,DOMESTIC,0
178.56,LOW,LOW,INTERNATIONAL,0
44.2,LOW,NONE,DOMESTIC,0
85.19,LOW,NONE,DOMESTIC,1
77.37,LOW,NONE,DOMESTIC,0
121.38,LOW,NONE,INTERNATIONAL,0
1311.61,HIGH,NONE,DOMESTIC,0
537.68,MEDIUM,NONE,DOMESTIC,0
224.84,LOW,NONE,DOMESTIC,0
118.07,LOW,MEDIUM,INTERNATIONAL,0
122.58,LOW,LOW,INTERNATIONAL,0
342.44,LOW,NONE,INTERNATIONAL,0
484.08,LOW,NONE,DOMESTIC,0
64.61,LOW,LOW,INTERNATIONAL,0
231.11,LOW,LOW,DOMESTIC,0
14.17,LOW,NONE,DOMESTIC,0
292.79,LOW,NONE,DOMESTIC,0
615.56,MEDIUM,NONE,DOMESTIC,0
150.74,LOW,LOW,INTERNATIONAL,0
2555.34,HIGH,MEDIUM,INTERNATIONAL,0
66.95,LOW,NONE,DOMESTIC,0
295.06,LOW,NONE,DOMESTIC,0
209.61,LOW,NONE,INTERNATIONAL,0
192.14,LOW,LOW,INTERNATIONAL,0
188.54,LOW,NONE,INTERNATIONAL,0
254.22,LOW,NONE,DOMESTIC,0
691.16,MEDIUM,NONE,DOMESTIC,0
1413.14,HIGH,MEDIUM,INTERNATIONAL,0
219.33,LOW,NONE,INTERNATIONAL,0
661.36,MEDIUM,NONE,INTERNATIONAL,0
85.31,LOW,NONE,DOMESTIC,0
618.73,MEDIUM,NONE,DOMESTIC,0
78.64,LOW,NONE,DOMESTIC,0
959.12,MEDIUM,LOW,INTERNATIONAL,0
4350.27,HIGH,NONE,DOMESTIC,1
186.57,LOW,NONE,DOMESTIC,0
11.4,LOW,NONE,INTERNATIONAL,1
104.98,LOW,HIGH,INTERNATIONAL,0
1160.56,HIGH,NONE,DOMESTIC,0
464.18,LOW,LOW,INTERNATIONAL,0
307.86,LOW,NONE,DOMESTIC,0
858.62,MEDIUM,NONE,DOMESTIC,0
423.11,LOW,NONE,DOMESTIC,1
1138.6,HIGH,NONE,DOMESTIC,0
761.16,MEDIUM,NONE,INTERNATIONAL,0
1716.29,HIGH,NONE,INTERNATIONAL,1
357.1,LOW,NONE,DOMESTIC,0
746.75,MEDIUM,LOW,INTERNATIONAL,0
145.33,LOW,NONE,DOMESTIC,0
97.68,LOW,NONE,DOMESTIC,0
2203.42,HIGH,HIGH,INTERNATIONAL,1
294.57,LOW,NONE,DOMESTIC,0
652.11,MEDIUM,NONE,DOMESTIC,1
260.0,LOW,NONE,DOMESTIC,0
99.67,LOW,NONE,DOMESTIC,0
223.29,LOW,LOW,INTERNATIONAL,0
1528.77,HIGH,NONE,DOMESTIC,1
465.54,LOW,NONE,DOMESTIC,0
21.83,LOW,NONE,DOMESTIC,0
164.52,LOW,NONE,INTERNATIONAL,1
2439.93,HIGH,NONE,DOMESTIC,0
164.84,LOW,NONE,DOMESTIC,0
19.36,LOW,NONE,DOMESTIC,0
2833.43,HIGH,NONE,DOMESTIC,0
552.72,MEDIUM,NONE,DOMESTIC,0
200.16,LOW,NONE,DOMESTIC,0
133.25,LOW,NONE,DOMESTIC,0
948.42,MEDIUM,NONE,DOMESTIC,0
105.84,LOW,NONE,INTERNATIONAL,0
1036.67,HIGH,NONE,DOMESTIC,0
457.42,LOW,NONE,DOMESTIC,0
306.11,LOW,NONE,DOMESTIC,0
267.76,LOW,NONE,DOMESTIC,0
173.72,LOW,NONE,INTERNATIONAL,0
902.57,MEDIUM,NONE,INTERNATIONAL,0
68.4,LOW,LOW,INTERNATIONAL,0
24.63,LOW,LOW,DOMESTIC,0
504.27,MEDIUM,NONE,DOMESTIC,0
515.84,MEDIUM,LOW,DOMESTIC,0
420.71,LOW,NONE,INTERNATIONAL,0
381.48,LOW,NONE,DOMESTIC,0
142.72,LOW,LOW,INTERNATIONAL,0
636.97,MEDIUM,NONE,DOMESTIC,0
206.88,LOW,NONE,DOMESTIC,0
113.98,LOW,NONE,INTERNATIONAL,0
144.4,LOW,NONE,DOMESTIC,0
3366.04,HIGH,NONE,DOMESTIC,0
21.15,LOW,NONE,DOMESTIC,0
431.96,LOW,NONE,INTERNATIONAL,0
22.8,LOW,NONE,DOMESTIC,0
190.09,LOW,NONE,INTERNATIONAL,0
122.51,LOW,NONE,DOMESTIC,0
13.18,LOW,NONE,DOMESTIC,0
371.98,LOW,NONE,DOMESTIC,0
131.71,LOW,NONE,DOMESTIC,0
12.93,LOW,NONE,INTERNATIONAL,0
683.38,MEDIUM,NONE,INTERNATIONAL,0
1526.73,HIGH,NONE,INTERNATIONAL,0
1644.67,HIGH,HIGH,INTERNATIONAL,0
357.17,LOW,NONE,DOMESTIC,0
234.11,LOW,NONE,DOMESTIC,0
1321.65,HIGH,NONE,INTERNATIONAL,1
2132.06,HIGH,NONE,DOMESTIC,0
1016.32,HIGH,NONE,INTERNATIONAL,0
61.72,LOW,NONE,DOMESTIC,0
288.72,LOW,NONE,DOMESTIC,0
398.21,LOW,NONE,DOMESTIC,0
19.12,LOW,NONE,DOMESTIC,0
414.58,LOW,NONE,DOMESTIC,0
4732.3,HIGH,NONE,DOMESTIC,0
521.93,MEDIUM,NONE,DOMESTIC,1
1607.98,HIGH,NONE,DOMESTIC,0
281.62,LOW,NONE,DOMESTIC,0
199.29,LOW,NONE,DOMESTIC,0
368.1,LOW,NONE,DOMESTIC,0
73.13,LOW,LOW,INTERNATIONAL,0
59.89,LOW,NONE,DOMESTIC,0
1215.78,HIGH,NONE,DOMESTIC,0
1402.89,HIGH,NONE,DOMESTIC,0
57.72,LOW,NONE,DOMESTIC,1
812.75,MEDIUM,NONE,DOMESTIC,0
195.63,LOW,NONE,DOMESTIC,0
348.06,LOW,NONE,DOMESTIC,0
409.49,LOW,NONE,DOMESTIC,0
842.19,MEDIUM,NONE,DOMESTIC,0
245.99,LOW,NONE,DOMESTIC,0
1476.38,HIGH,NONE,DOMESTIC,0
334.06,LOW,NONE,DOMESTIC,0
510.95,MEDIUM,NONE,DOMESTIC,1
71.43,LOW,NONE,INTERNATIONAL,0
4055.45,HIGH,NONE,DOMESTIC,1
414.84,LOW,NONE,DOMESTIC,0
576.04,MEDIUM,NONE,DOMESTIC,0
25.09,LOW,NONE,DOMESTIC,0
72.46,LOW,NONE,DOMESTIC,0
1170.01,HIGH,LOW,INTERNATIONAL,0
324.06,LOW,NONE,INTERNATIONAL,0
16.61,LOW,NONE,DOMESTIC,0
893.65,MEDIUM,NONE,DOMESTIC,0
105.59,LOW,NONE,INTERNATIONAL,0
1478.68,HIGH,NONE,DOMESTIC,0
195.4,LOW,MEDIUM,DOMESTIC,0
290.03,LOW,NONE,INTERNATIONAL,0
1080.54,HIGH,NONE,DOMESTIC,0
65.5,LOW,NONE,DOMESTIC,0
57.59,LOW,NONE,DOMESTIC,0
168.74,LOW,NONE,DOMESTIC,1
672.04,MEDIUM,NONE,DOMESTIC,0
36.49,LOW,NONE,DOMESTIC,0
23.15,LOW,NONE,DOMESTIC,0
668.91,MEDIUM,NONE,DOMESTIC,0
97.48,LOW,NONE,DOMESTIC,0
129.56,LOW,LOW,INTERNATIONAL,1
17.94,LOW,HIGH,DOMESTIC,1
87.97,LOW,NONE,INTERNATIONAL,0
217.76,LOW,LOW,DOMESTIC,0
772.5,MEDIUM,NONE,DOMESTIC,0
77.67,LOW,NONE,DOMESTIC,0
2061.29,HIGH,NONE,DOMESTIC,0
87.31,LOW,NONE,DOMESTIC,0
87.48,LOW,NONE,INTERNATIONAL,0
1752.96,HIGH,NONE,INTERNATIONAL,1
292.69,LOW,MEDIUM,INTERNATIONAL,0
104.42,LOW,NONE,DOMESTIC,0
178.43,LOW,NONE,DOMESTIC,0
1366.87,HIGH,NONE,DOMESTIC,0
1592.41,HIGH,NONE,DOMESTIC,0
73.04,LOW,NONE,INTERNATIONAL,0
207.75,LOW,MEDIUM,INTERNATIONAL,0
248.47,LOW,NONE,DOMESTIC,0
58.1,LOW,NONE,INTERNATIONAL,1
204.07,LOW,NONE,INTERNATIONAL,0
221.59,LOW,NONE,DOMESTIC,0
1025.47,HIGH,LOW,INTERNATIONAL,1
1122.88,HIGH,NONE,DOMESTIC,0
141.06,LOW,NONE,DOMESTIC,0
164.81,LOW,NONE,DOMESTIC,0
539.38,MEDIUM,NONE,DOMESTIC,0
99.85,LOW,NONE,DOMESTIC,0
487.01,LOW,NONE,INTERNATIONAL,0
195.38,LOW,NONE,DOMESTIC,0
59.44,LOW,NONE,DOMESTIC,0
60.45,LOW,NONE,DOMESTIC,0
1551.78,HIGH,NONE,DOMESTIC,0
178.12,LOW,NONE,INTERNATIONAL,0
2014.46,HIGH,NONE,DOMESTIC,0
109.97,LOW,NONE,INTERNATIONAL,0
325.95,LOW,NONE,DOMESTIC,0
5562.16,HIGH,NONE,DOMESTIC,1
52.78,LOW,NONE,DOMESTIC,0
16.97,LOW,NONE,DOMESTIC,0
1249.53,HIGH,NONE,INTERNATIONAL,0
72.06,LOW,NONE,DOMESTIC,0
213.94,LOW,NONE,DOMESTIC,0
99.75,LOW,NONE,DOMESTIC,0
315.97,LOW,NONE,INTERNATIONAL,0
60.97,LOW,NONE,DOMESTIC,0
172.55,LOW,NONE,DOMESTIC,0
403.78,LOW,NONE,INTERNATIONAL,0
56.4,LOW,NONE,DOMESTIC,0
85.5,LOW,NONE,DOMESTIC,0
137.64,LOW,NONE,DOMESTIC,1
31.97,LOW,NONE,DOMESTIC,0
124.36,LOW,NONE,INTERNATIONAL,0
258.27,LOW,NONE,DOMESTIC,0
128.28,LOW,LOW,INTERNATIONAL,0
152.52,LOW,NONE,DOMESTIC,0
214.17,LOW,NONE,DOMESTIC,0
90.77,LOW,NONE,DOMESTIC,0
559.23,MEDIUM,NONE,DOMESTIC,0
1528.74,HIGH,NONE,DOMESTIC,0
117.53,LOW,NONE,DOMESTIC,0
423.54,LOW,NONE,DOMESTIC,0
159.2,LOW,NONE,INTERNATIONAL,0
360.34,LOW,NONE,DOMESTIC,0
1821.53,HIGH,NONE,INTERNATIONAL,0
437.17,LOW,NONE,DOMESTIC,0
20.08,LOW,NONE,DOMESTIC,0
406.07,LOW,NONE,DOMESTIC,0
1162.11,HIGH,NONE,INTERNATIONAL,1
163.12,LOW,NONE,DOMESTIC,0
843.65,MEDIUM,NONE,DOMESTIC,0
86.66,LOW,NONE,DOMESTIC,0
29.61,LOW,NONE,DOMESTIC,1
266.19,LOW,HIGH,INTERNATIONAL,0
20.54,LOW,NONE,DOMESTIC,0
159.16,LOW,HIGH,INTERNATIONAL,0
1249.96,HIGH,NONE,DOMESTIC,0
16.7,LOW,NONE,DOMESTIC,0
39.11,LOW,NONE,DOMESTIC,0
54.62,LOW,NONE,DOMESTIC,0
201.98,LOW,NONE,DOMESTIC,0
134.28,LOW,NONE,DOMESTIC,0
1454.56,HIGH,NONE,DOMESTIC,0
797.91,MEDIUM,LOW,DOMESTIC,0
429.34,LOW,NONE,DOMESTIC,0
267.8,LOW,NONE,INTERNATIONAL,0
374.09,LOW,NONE,DOMESTIC,0
68.71,LOW,NONE,DOMESTIC,0
699.85,MEDIUM,NONE,DOMESTIC,0
49.03,LOW,NONE,DOMESTIC,0
679.52,MEDIUM,NONE,DOMESTIC,0
1091.08,HIGH,NONE,INTERNATIONAL,0
292.45,LOW,NONE,DOMESTIC,0
173.42,LOW,MEDIUM,INTERNATIONAL,0
377.68,LOW,NONE,DOMESTIC,0
5.0,LOW,LOW,INTERNATIONAL,0
330.85,LOW,NONE,DOMESTIC,0
188.78,LOW,NONE,INTERNATIONAL,0
205.47,LOW,NONE,DOMESTIC,0
571.03,MEDIUM,NONE,DOMESTIC,0
198.88,LOW,NONE,DOMESTIC,0
47.2,LOW,NONE,DOMESTIC,0
181.77,LOW,NONE,DOMESTIC,0
241.01,LOW,NONE,DOMESTIC,0
256.93,LOW,NONE,DOMESTIC,0
273.75,LOW,NONE,INTERNATIONAL,0
894.96,MEDIUM,HIGH,DOMESTIC,0
50.78,LOW,NONE,INTERNATIONAL,0
278.89,LOW,NONE,DOMESTIC,0
1255.18,HIGH,NONE,DOMESTIC,0
21.16,LOW,NONE,DOMESTIC,0
280.38,LOW,NONE,DOMESTIC,0
99.82,LOW,NONE,DOMESTIC,0
133.38,LOW,NONE,DOMESTIC,0
64.85,LOW,NONE,DOMESTIC,0
174.99,LOW,NONE,DOMESTIC,0
2642.08,HIGH,NONE,DOMESTIC,0
39.91,LOW,NONE,DOMESTIC,0
45.36,LOW,HIGH,INTERNATIONAL,1
37.94,LOW,NONE,DOMESTIC,0
2265.71,HIGH,NONE,DOMESTIC,0
117.86,LOW,NONE,DOMESTIC,0
212.52,LOW,NONE,INTERNATIONAL,0
127.72,LOW,NONE,DOMESTIC,0
61.48,LOW,NONE,DOMESTIC,0
160.16,LOW,LOW,INTERNATIONAL,0
6076.94,HIGH,NONE,INTERNATIONAL,0
1440.76,HIGH,NONE,DOMESTIC,0
69.56,LOW,NONE,DOMESTIC,0
527.34,MEDIUM,NONE,DOMESTIC,0
71.6,LOW,NONE,DOMESTIC,0
20.0,LOW,NONE,INTERNATIONAL,0
871.28,MEDIUM,NONE,DOMESTIC,0
1053.37,HIGH,NONE,DOMESTIC,0
903.07,MEDIUM,NONE,DOMESTIC,0
116.67,LOW,NONE,DOMESTIC,0
175.65,LOW,NONE,DOMESTIC,0
605.35,MEDIUM,NONE,DOMESTIC,0
373.21,LOW,NONE,DOMESTIC,0
129.31,LOW,NONE,DOMESTIC,0
24.73,LOW,NONE,DOMESTIC,0
256.56,LOW,NONE,DOMESTIC,0
944.16,MEDIUM,NONE,DOMESTIC,0
43.68,LOW,NONE,DOMESTIC,0
521.11,MEDIUM,NONE,INTERNATIONAL,1
344.2,LOW,NONE,INTERNATIONAL,0
605.67,MEDIUM,NONE,INTERNATIONAL,0
713.94,MEDIUM,NONE,DOMESTIC,0
86.15,LOW,NONE,DOMESTIC,0
24.8,LOW,NONE,DOMESTIC,0
107.06,LOW,NONE,DOMESTIC,0
730.66,MEDIUM,NONE,DOMESTIC,0
105.84,LOW,NONE,DOMESTIC,0
86.2,LOW,NONE,DOMESTIC,0
18.82,LOW,NONE,DOMESTIC,0
2344.21,HIGH,NONE,DOMESTIC,0
670.71,MEDIUM,NONE,DOMESTIC,0
622.03,MEDIUM,NONE,DOMESTIC,0
812.45,MEDIUM,MEDIUM,INTERNATIONAL,0
479.23,LOW,NONE,DOMESTIC,1
158.19,LOW,NONE,DOMESTIC,0
176.36,LOW,NONE,DOMESTIC,0
123.52,LOW,NONE,DOMESTIC,0
7711.96,HIGH,NONE,DOMESTIC,1
465.96,LOW,NONE,DOMESTIC,0
117.62,LOW,LOW,INTERNATIONAL,0
412.42,LOW,NONE,DOMESTIC,0
56.2,LOW,NONE,DOMESTIC,0
1676.92,HIGH,NONE,DOMESTIC,0
90.12,LOW,LOW,INTERNATIONAL,1
432.72,LOW,LOW,DOMESTIC,0
927.69,MEDIUM,NONE,INTERNATIONAL,0
369.84,LOW,NONE,DOMESTIC,0
249.93,LOW,NONE,DOMESTIC,0
223.23,LOW,LOW,INTERNATIONAL,0
203.86,LOW,NONE,DOMESTIC,0
101.0,LOW,NONE,DOMESTIC,0
119.92,LOW,NONE,INTERNATIONAL,0
1621.45,HIGH,NONE,DOMESTIC,0
190.02,LOW,NONE,DOMESTIC,0
76.16,LOW,HIGH,INTERNATIONAL,1
109.58,LOW,NONE,INTERNATIONAL,0
971.78,MEDIUM,HIGH,INTERNATIONAL,1
547.68,MEDIUM,NONE,INTERNATIONAL,0
468.75,LOW,NONE,DOMESTIC,0
155.4,LOW,NONE,INTERNATIONAL,0
477.07,LOW,NONE,DOMESTIC,0
92.28,LOW,NONE,DOMESTIC,0
154.96,LOW,NONE,DOMESTIC,0
814.74,MEDIUM,NONE,INTERNATIONAL,1
716.16,MEDIUM,NONE,DOMESTIC,0
58.44,LOW,HIGH,INTERNATIONAL,1
69.32,LOW,NONE,DOMESTIC,0
254.77,LOW,NONE,DOMESTIC,0
2261.78,HIGH,NONE,DOMESTIC,1
16.57,LOW,NONE,DOMESTIC,0
320.34,LOW,NONE,DOMESTIC,0
34.33,LOW,NONE,DOMESTIC,0
93.44,LOW,NONE,DOMESTIC,0
134.51,LOW,NONE,DOMESTIC,0
124.7,LOW,NONE,DOMESTIC,1
107.02,LOW,HIGH,DOMESTIC,0
222.15,LOW,NONE,DOMESTIC,0
106.81,LOW,NONE,DOMESTIC,0
30.55,LOW,NONE,DOMESTIC,0
630.46,MEDIUM,NONE,DOMESTIC,0
607.9,MEDIUM,NONE,DOMESTIC,0
686.71,MEDIUM,NONE,DOMESTIC,0
27.48,LOW,NONE,DOMESTIC,0
329.37,LOW,NONE,DOMESTIC,0
547.96,MEDIUM,NONE,DOMESTIC,0
54.68,LOW,NONE,DOMESTIC,0
222.74,LOW,NONE,DOMESTIC,0
188.04,LOW,NONE,INTERNATIONAL,0
2645.28,HIGH,NONE,DOMESTIC,0
2956.31,HIGH,NONE,DOMESTIC,0
23.26,LOW,MEDIUM,INTERNATIONAL,1
6376.85,HIGH,NONE,DOMESTIC,1
63.95,LOW,NONE,DOMESTIC,0
826.78,MEDIUM,NONE,INTERNATIONAL,0
815.5,MEDIUM,NONE,DOMESTIC,0
57.37,LOW,MEDIUM,INTERNATIONAL,1
428.18,LOW,NONE,DOMESTIC,0
190.27,LOW,NONE,DOMESTIC,0
464.97,LOW,NONE,DOMESTIC,0
300.38,LOW,LOW,DOMESTIC,0
1106.2,HIGH,MEDIUM,INTERNATIONAL,1
243.57,LOW,NONE,DOMESTIC,0
175.39,LOW,NONE,DOMESTIC,0
966.15,MEDIUM,NONE,DOMESTIC,0
481.62,LOW,NONE,DOMESTIC,0
590.86,MEDIUM,NONE,DOMESTIC,0
89.7,LOW,LOW,INTERNATIONAL,0
53.65,LOW,NONE,DOMESTIC,0
102.23,LOW,NONE,INTERNATIONAL,0
95.16,LOW,NONE,DOMESTIC,0
635.87,MEDIUM,NONE,DOMESTIC,0
821.56,MEDIUM,NONE,DOMESTIC,0
178.43,LOW,NONE,DOMESTIC,0
1518.33,HIGH,NONE,DOMESTIC,0
1395.57,HIGH,NONE,DOMESTIC,0
305.58,LOW,NONE,INTERNATIONAL,0
72.54,LOW,NONE,INTERNATIONAL,0
1845.28,HIGH,NONE,INTERNATIONAL,0
202.6,LOW,NONE,INTERNATIONAL,1
260.85,LOW,NONE,INTERNATIONAL,0
139.1,LOW,NONE,DOMESTIC,0
66.18,LOW,NONE,DOMESTIC,1
30.29,LOW,NONE,INTERNATIONAL,0
516.98,MEDIUM,LOW,INTERNATIONAL,1
76.4,LOW,NONE,INTERNATIONAL,0
13684.17,HIGH,NONE,INTERNATIONAL,0
50.78,LOW,NONE,DOMESTIC,0
40.29,LOW,MEDIUM,INTERNATIONAL,0
438.04,LOW,NONE,INTERNATIONAL,0
1734.03,HIGH,NONE,DOMESTIC,0
240.04,LOW,NONE,INTERNATIONAL,0
476.35,LOW,NONE,DOMESTIC,0
18.26,LOW,NONE,INTERNATIONAL,0
88.15,LOW,NONE,DOMESTIC,0
51.64,LOW,NONE,INTERNATIONAL,0
17.04,LOW,NONE,DOMESTIC,0
257.64,LOW,NONE,DOMESTIC,0
10.65,LOW,NONE,DOMESTIC,0
36.92,LOW,NONE,DOMESTIC,0
106.53,LOW,NONE,DOMESTIC,0
71.62,LOW,NONE,INTERNATIONAL,0
375.7,LOW,NONE,DOMESTIC,0
332.34,LOW,LOW,INTERNATIONAL,0
735.28,MEDIUM,NONE,DOMESTIC,1
607.5,MEDIUM,NONE,DOMESTIC,0
1026.31,HIGH,NONE,INTERNATIONAL,1
219.43,LOW,NONE,DOMESTIC,0
331.39,LOW,NONE,DOMESTIC,0
438.86,LOW,NONE,INTERNATIONAL,0
266.36,LOW,LOW,INTERNATIONAL,0
128.69,LOW,NONE,DOMESTIC,0
140.45,LOW,NONE,INTERNATIONAL,0
72.96,LOW,NONE,DOMESTIC,0
388.7,LOW,MEDIUM,DOMESTIC,0
193.78,LOW,NONE,DOMESTIC,0
89.87,LOW,NONE,DOMESTIC,0
89.98,LOW,NONE,DOMESTIC,0
42.93,LOW,NONE,INTERNATIONAL,0
824.74,MEDIUM,NONE,DOMESTIC,0
244.63,LOW,NONE,DOMESTIC,0
68.64,LOW,NONE,DOMESTIC,0
655.35,MEDIUM,NONE,DOMESTIC,0
103.24,LOW,NONE,DOMESTIC,0
32.95,LOW,NONE,INTERNATIONAL,0
873.3,MEDIUM,NONE,DOMESTIC,0
106.54,LOW,NONE,DOMESTIC,0
126.67,LOW,NONE,DOMESTIC,0
232.58,LOW,NONE,DOMESTIC,0
1028.77,HIGH,NONE,INTERNATIONAL,0
226.03,LOW,NONE,INTERNATIONAL,0
43.59,LOW,NONE,DOMESTIC,0
458.45,LOW,NONE,DOMESTIC,0
114.31,LOW,NONE,DOMESTIC,1
2813.89,HIGH,NONE,DOMESTIC,0
219.67,LOW,NONE,DOMESTIC,0
10.77,LOW,NONE,DOMESTIC,0
356.41,LOW,NONE,INTERNATIONAL,0
3037.64,HIGH,NONE,DOMESTIC,0
1846.63,HIGH,NONE,DOMESTIC,0
2605.59,HIGH,NONE,DOMESTIC,0
55.53,LOW,HIGH,INTERNATIONAL,0
753.73,MEDIUM,MEDIUM,DOMESTIC,0
83.01,LOW,NONE,DOMESTIC,0
297.8,LOW,NONE,INTERNATIONAL,0
39.45,LOW,NONE,DOMESTIC,0
92.17,LOW,HIGH,INTERNATIONAL,1
88.3,LOW,NONE,DOMESTIC,0
740.02,MEDIUM,NONE,DOMESTIC,0
648.46,MEDIUM,NONE,INTERNATIONAL,0
319.68,LOW,MEDIUM,DOMESTIC,0
35.54,LOW,NONE,DOMESTIC,0
144.45,LOW,NONE,DOMESTIC,0
80.35,LOW,MEDIUM,INTERNATIONAL,0
711.72,MEDIUM,NONE,INTERNATIONAL,1
1079.42,HIGH,NONE,DOMESTIC,0
915.75,MEDIUM,NONE,INTERNATIONAL,0
79.37,LOW,NONE,DOMESTIC,0
5.45,LOW,NONE,DOMESTIC,0
20.25,LOW,NONE,DOMESTIC,0
1499.41,HIGH,NONE,DOMESTIC,0
127.99,LOW,NONE,INTERNATIONAL,0
79.85,LOW,NONE,DOMESTIC,0
2020.74,HIGH,LOW,DOMESTIC,0
1213.9,HIGH,NONE,DOMESTIC,0
227.38,LOW,HIGH,INTERNATIONAL,0
148.05,LOW,NONE,INTERNATIONAL,0
184.07,LOW,NONE,DOMESTIC,0
298.96,LOW,NONE,DOMESTIC,0
1907.77,HIGH,NONE,DOMESTIC,0
389.15,LOW,NONE,DOMESTIC,0
586.26,MEDIUM,NONE,INTERNATIONAL,0
1066.5,HIGH,NONE,DOMESTIC,0
45.36,LOW,NONE,DOMESTIC,0
609.53,MEDIUM,NONE,DOMESTIC,0
147.81,LOW,NONE,DOMESTIC,0
7.37,LOW,NONE,INTERNATIONAL,0
12.44,LOW,NONE,DOMESTIC,0
55.65,LOW,NONE,DOMESTIC,0
450.69,LOW,NONE,DOMESTIC,0
256.53,LOW,LOW,INTERNATIONAL,0
282.17,LOW,HIGH,INTERNATIONAL,1
3063.77,HIGH,NONE,DOMESTIC,1
39.66,LOW,NONE,DOMESTIC,0
212.0,LOW,NONE,DOMESTIC,0
331.83,LOW,NONE,DOMESTIC,0
81.42,LOW,NONE,DOMESTIC,0
228.58,LOW,LOW,INTERNATIONAL,0
25.37,LOW,NONE,INTERNATIONAL,0
1475.87,HIGH,NONE,DOMESTIC,1
87.66,LOW,NONE,DOMESTIC,0
3415.29,HIGH,NONE,DOMESTIC,0
210.56,LOW,NONE,DOMESTIC,0
881.39,MEDIUM,NONE,DOMESTIC,0
204.73,LOW,NONE,DOMESTIC,0
211.06,LOW,LOW,INTERNATIONAL,0
100.0,LOW,NONE,DOMESTIC,0
258.38,LOW,NONE,INTERNATIONAL,0
337.96,LOW,NONE,DOMESTIC,0
76.32,LOW,NONE,DOMESTIC,0
185.83,LOW,NONE,DOMESTIC,0
96.54,LOW,NONE,INTERNATIONAL,0
4905.8,HIGH,NONE,DOMESTIC,0
194.9,LOW,NONE,DOMESTIC,0
1771.69,HIGH,NONE,INTERNATIONAL,0
168.94,LOW,LOW,INTERNATIONAL,0
312.21,LOW,NONE,DOMESTIC,0
36.96,LOW,NONE,DOMESTIC,0
120.31,LOW,NONE,DOMESTIC,0
292.32,LOW,NONE,INTERNATIONAL,0
1871.94,HIGH,NONE,DOMESTIC,0
296.87,LOW,NONE,DOMESTIC,0
1424.61,HIGH,NONE,DOMESTIC,0
522.49,MEDIUM,NONE,DOMESTIC,1
1979.54,HIGH,NONE,INTERNATIONAL,0
203.15,LOW,NONE,INTERNATIONAL,0
5543.76,HIGH,NONE,DOMESTIC,0
114.24,LOW,MEDIUM,INTERNATIONAL,0
78.17,LOW,NONE,DOMESTIC,0
42.95,LOW,LOW,DOMESTIC,0
5117.96,HIGH,NONE,DOMESTIC,0
665.06,MEDIUM,NONE,INTERNATIONAL,0
140.13,LOW,NONE,DOMESTIC,0
1187.74,HIGH,NONE,DOMESTIC,0
556.69,MEDIUM,NONE,DOMESTIC,0
3127.22,HIGH,NONE,DOMESTIC,0
27.22,LOW,HIGH,INTERNATIONAL,0
153.76,LOW,NONE,DOMESTIC,0
117.83,LOW,NONE,DOMESTIC,0
15.32,LOW,NONE,DOMESTIC,0
920.64,MEDIUM,NONE,DOMESTIC,1
152.72,LOW,NONE,DOMESTIC,0
597.13,MEDIUM,NONE,DOMESTIC,0
5320.48,HIGH,LOW,INTERNATIONAL,0
136.56,LOW,NONE,INTERNATIONAL,0
124.6,LOW,NONE,INTERNATIONAL,0
258.22,LOW,NONE,DOMESTIC,1
834.15,MEDIUM,NONE,DOMESTIC,0
102.37,LOW,NONE,DOMESTIC,0
93.86,LOW,NONE,DOMESTIC,1
916.75,MEDIUM,NONE,INTERNATIONAL,0
366.79,LOW,NONE,DOMESTIC,0
13.92,LOW,NONE,DOMESTIC,0
42.07,LOW,NONE,DOMESTIC,0
1669.53,HIGH,NONE,DOMESTIC,1
378.51,LOW,NONE,DOMESTIC,0
78.62,LOW,NONE,DOMESTIC,0
174.79,LOW,NONE,DOMESTIC,0
223.97,LOW,LOW,DOMESTIC,0
593.99,MEDIUM,NONE,DOMESTIC,0
35.16,LOW,NONE,INTERNATIONAL,0
70.69,LOW,NONE,DOMESTIC,0
318.02,LOW,NONE,DOMESTIC,0
192.26,LOW,NONE,DOMESTIC,0
476.1,LOW,NONE,DOMESTIC,0
41.84,LOW,NONE,INTERNATIONAL,0
356.29,LOW,NONE,DOMESTIC,0
960.32,MEDIUM,LOW,INTERNATIONAL,0
424.47,LOW,NONE,INTERNATIONAL,0
265.45,LOW,NONE,DOMESTIC,0
193.29,LOW,NONE,DOMESTIC,1
71.28,LOW,NONE,DOMESTIC,0
199.62,LOW,NONE,DOMESTIC,0
1204.99,HIGH,NONE,DOMESTIC,0
187.34,LOW,NONE,DOMESTIC,1
66.18,LOW,NONE,DOMESTIC,0
113.19,LOW,NONE,DOMESTIC,0
288.52,LOW,NONE,DOMESTIC,0
132.87,LOW,NONE,DOMESTIC,1
423.6,LOW,NONE,INTERNATIONAL,0
445.62,LOW,NONE,DOMESTIC,0
730.52,MEDIUM,NONE,DOMESTIC,0
1503.32,HIGH,HIGH,INTERNATIONAL,1
843.9,MEDIUM,NONE,DOMESTIC,0
62.33,LOW,NONE,DOMESTIC,0
64.97,LOW,NONE,DOMESTIC,0
198.61,LOW,NONE,DOMESTIC,0
119.65,LOW,NONE,INTERNATIONAL,0
47.32,LOW,NONE,DOMESTIC,0
121.19,LOW,NONE,DOMESTIC,0
115.94,LOW,NONE,DOMESTIC,0
88.82,LOW,LOW,DOMESTIC,0
143.64,LOW,NONE,DOMESTIC,0
1079.81,HIGH,HIGH,INTERNATIONAL,1
287.9,LOW,NONE,DOMESTIC,0
6189.25,HIGH,NONE,DOMESTIC,0
276.94,LOW,NONE,DOMESTIC,0
148.72,LOW,NONE,INTERNATIONAL,0
221.23,LOW,NONE,DOMESTIC,0
311.03,LOW,NONE,DOMESTIC,0
395.92,LOW,NONE,DOMESTIC,0
3630.73,HIGH,LOW,INTERNATIONAL,1
70.28,LOW,NONE,DOMESTIC,0
701.58,MEDIUM,HIGH,INTERNATIONAL,1
291.22,LOW,NONE,DOMESTIC,0
26.38,LOW,NONE,INTERNATIONAL,0
622.7,MEDIUM,NONE,INTERNATIONAL,0
1217.94,HIGH,NONE,DOMESTIC,0
69.16,LOW,NONE,DOMESTIC,0
217.36,LOW,NONE,DOMESTIC,0
21.42,LOW,NONE,DOMESTIC,0
40.21,LOW,NONE,DOMESTIC,0
905.48,MEDIUM,NONE,DOMESTIC,0
117.21,LOW,NONE,INTERNATIONAL,0
49.24,LOW,NONE,DOMESTIC,0
299.88,LOW,NONE,DOMESTIC,0
108.68,LOW,NONE,DOMESTIC,0
116.51,LOW,NONE,DOMESTIC,0
596.88,MEDIUM,NONE,DOMESTIC,0
45.85,LOW,NONE,DOMESTIC,0
64.81,LOW,NONE,DOMESTIC,0
270.87,LOW,MEDIUM,INTERNATIONAL,0
814.3,MEDIUM,NONE,DOMESTIC,0
1170.45,HIGH,NONE,INTERNATIONAL,0
89.64,LOW,NONE,DOMESTIC,0
779.84,MEDIUM,NONE,DOMESTIC,0
76.33,LOW,NONE,DOMESTIC,0
2588.96,HIGH,NONE,DOMESTIC,1
47.61,LOW,HIGH,INTERNATIONAL,1
1322.23,HIGH,NONE,DOMESTIC,0
90.68,LOW,NONE,DOMESTIC,0
3332.61,HIGH,NONE,INTERNATIONAL,0
488.78,LOW,NONE,DOMESTIC,0
55.81,LOW,NONE,INTERNATIONAL,0
108.7,LOW,NONE,DOMESTIC,0
631.58,MEDIUM,NONE,INTERNATIONAL,1
911.14,MEDIUM,NONE,DOMESTIC,0
199.97,LOW,NONE,DOMESTIC,0
233.67,LOW,NONE,DOMESTIC,0
612.41,MEDIUM,NONE,DOMESTIC,0
262.84,LOW,NONE,INTERNATIONAL,0
38.37,LOW,NONE,DOMESTIC,0
73.41,LOW,NONE,DOMESTIC,0
302.19,LOW,NONE,DOMESTIC,0
1135.16,HIGH,NONE,INTERNATIONAL,0
1949.26,HIGH,NONE,DOMESTIC,0
630.17,MEDIUM,LOW,INTERNATIONAL,0
324.24,LOW,NONE,DOMESTIC,0
604.58,MEDIUM,NONE,INTERNATIONAL,0
89.44,LOW,NONE,DOMESTIC,0
178.89,LOW,NONE,DOMESTIC,0
72.32,LOW,NONE,DOMESTIC,0
40.77,LOW,NONE,DOMESTIC,0
345.13,LOW,NONE,INTERNATIONAL,0
282.61,LOW,HIGH,INTERNATIONAL,0
556.66,MEDIUM,NONE,DOMESTIC,0
459.84,LOW,NONE,INTERNATIONAL,0
305.27,LOW,NONE,DOMESTIC,0
466.41,LOW,LOW,DOMESTIC,0
207.68,LOW,NONE,DOMESTIC,0
384.15,LOW,NONE,DOMESTIC,0
82.54,LOW,NONE,DOMESTIC,0
362.39,LOW,NONE,DOMESTIC,0
542.39,MEDIUM,NONE,DOMESTIC,0
89.08,LOW,NONE,INTERNATIONAL,0
235.95,LOW,NONE,INTERNATIONAL,0
94.8,LOW,NONE,DOMESTIC,0
108.08,LOW,NONE,DOMESTIC,0
48.18,LOW,NONE,INTERNATIONAL,0
1214.91,HIGH,NONE,DOMESTIC,0
927.32,MEDIUM,NONE,INTERNATIONAL,0
454.48,LOW,NONE,DOMESTIC,0
3152.94,HIGH,NONE,DOMESTIC,0
170.4,LOW,NONE,DOMESTIC,0
13180.67,HIGH,NONE,INTERNATIONAL,0
161.82,LOW,NONE,INTERNATIONAL,0
310.49,LOW,NONE,DOMESTIC,0
128.59,LOW,NONE,INTERNATIONAL,0
363.68,LOW,NONE,INTERNATIONAL,0
679.74,MEDIUM,NONE,DOMESTIC,0
188.64,LOW,NONE,INTERNATIONAL,0
2421.64,HIGH,NONE,DOMESTIC,0
303.83,LOW,NONE,DOMESTIC,0
316.96,LOW,NONE,DOMESTIC,1
64.49,LOW,MEDIUM,INTERNATIONAL,0
387.07,LOW,NONE,INTERNATIONAL,0
183.59,LOW,NONE,DOMESTIC,0
96.79,LOW,LOW,DOMESTIC,0
77.12,LOW,NONE,DOMESTIC,0
8107.2,HIGH,HIGH,INTERNATIONAL,1
154.15,LOW,NONE,INTERNATIONAL,0
30.77,LOW,NONE,DOMESTIC,0
85.72,LOW,NONE,DOMESTIC,0
205.21,LOW,NONE,DOMESTIC,0
460.18,LOW,HIGH,DOMESTIC,1
465.26,LOW,NONE,DOMESTIC,0
548.43,MEDIUM,MEDIUM,DOMESTIC,0
92.12,LOW,NONE,DOMESTIC,0
348.36,LOW,NONE,DOMESTIC,0
67.42,LOW,HIGH,INTERNATIONAL,1
95.31,LOW,NONE,DOMESTIC,0
63.73,LOW,HIGH,DOMESTIC,1
44.23,LOW,LOW,INTERNATIONAL,0
925.48,MEDIUM,NONE,INTERNATIONAL,0
557.38,MEDIUM,NONE,DOMESTIC,0
822.32,MEDIUM,NONE,DOMESTIC,0
231.99,LOW,NONE,DOMESTIC,1
627.86,MEDIUM,NONE,DOMESTIC,0
20.41,LOW,NONE,DOMESTIC,0
705.42,MEDIUM,NONE,DOMESTIC,0
279.43,LOW,NONE,DOMESTIC,0
512.97,MEDIUM,NONE,DOMESTIC,0
367.48,LOW,NONE,DOMESTIC,0
58.04,LOW,NONE,DOMESTIC,0
29.12,LOW,LOW,DOMESTIC,0
84.13,LOW,NONE,DOMESTIC,0
471.66,LOW,NONE,INTERNATIONAL,0
558.5,MEDIUM,NONE,DOMESTIC,0
34.71,LOW,LOW,DOMESTIC,0
58.51,LOW,NONE,DOMESTIC,0
82.87,LOW,NONE,DOMESTIC,0
135.81,LOW,NONE,INTERNATIONAL,0
34.98,LOW,NONE,INTERNATIONAL,0
32.26,LOW,NONE,DOMESTIC,0
72.54,LOW,NONE,DOMESTIC,0
247.17,LOW,NONE,DOMESTIC,0
44.69,LOW,NONE,DOMESTIC,0
188.16,LOW,NONE,DOMESTIC,0
918.44,MEDIUM,NONE,INTERNATIONAL,0
37.95,LOW,NONE,INTERNATIONAL,1
166.49,LOW,NONE,DOMESTIC,0
877.48,MEDIUM,NONE,DOMESTIC,0
125.08,LOW,NONE,DOMESTIC,0
101.41,LOW,NONE,DOMESTIC,0
1058.22,HIGH,NONE,DOMESTIC,0
145.51,LOW,HIGH,INTERNATIONAL,0
977.2,MEDIUM,NONE,INTERNATIONAL,0
392.58,LOW,NONE,DOMESTIC,0
138.49,LOW,NONE,DOMESTIC,0
420.4,LOW,NONE,DOMESTIC,0
339.08,LOW,NONE,INTERNATIONAL,0
872.9,MEDIUM,NONE,DOMESTIC,0
104.94,LOW,NONE,DOMESTIC,0
232.58,LOW,NONE,DOMESTIC,0
202.47,LOW,NONE,DOMESTIC,0
569.2,MEDIUM,NONE,DOMESTIC,1
55.13,LOW,NONE,DOMESTIC,0
868.31,MEDIUM,NONE,DOMESTIC,0
412.89,LOW,NONE,INTERNATIONAL,0
37.18,LOW,NONE,DOMESTIC,0
1124.15,HIGH,NONE,DOMESTIC,0
4490.2,HIGH,NONE,INTERNATIONAL,0
850.74,MEDIUM,NONE,DOMESTIC,0
1510.29,HIGH,NONE,DOMESTIC,0
246.87,LOW,NONE,DOMESTIC,0
23.35,LOW,NONE,DOMESTIC,0
18.25,LOW,NONE,INTERNATIONAL,0
310.44,LOW,NONE,DOMESTIC,0
98.93,LOW,NONE,DOMESTIC,0
64.0,LOW,NONE,DOMESTIC,0
202.13,LOW,NONE,DOMESTIC,0
505.06,MEDIUM,NONE,DOMESTIC,0
30.95,LOW,LOW,INTERNATIONAL,0
120.02,LOW,MEDIUM,INTERNATIONAL,0
1689.1,HIGH,LOW,INTERNATIONAL,0
51.52,LOW,NONE,DOMESTIC,0
711.81,MEDIUM,NONE,DOMESTIC,0
114.35,LOW,NONE,INTERNATIONAL,0
459.64,LOW,NONE,DOMESTIC,0
967.79,MEDIUM,NONE,DOMESTIC,0
598.46,MEDIUM,NONE,INTERNATIONAL,0
750.69,MEDIUM,NONE,DOMESTIC,0
46.48,LOW,NONE,DOMESTIC,0
989.37,MEDIUM,NONE,INTERNATIONAL,0
69.58,LOW,NONE,DOMESTIC,0
312.31,LOW,LOW,DOMESTIC,0
311.77,LOW,NONE,DOMESTIC,0
423.5,LOW,NONE,INTERNATIONAL,0
346.72,LOW,NONE,DOMESTIC,1
70.42,LOW,NONE,INTERNATIONAL,0
35.56,LOW,NONE,DOMESTIC,0
714.3,MEDIUM,NONE,DOMESTIC,0
282.73,LOW,NONE,DOMESTIC,0
1038.24,HIGH,NONE,DOMESTIC,0
207.11,LOW,NONE,DOMESTIC,1
33.0,LOW,NONE,DOMESTIC,0
810.7,MEDIUM,NONE,DOMESTIC,0
133.44,LOW,NONE,DOMESTIC,0
349.09,LOW,NONE,INTERNATIONAL,0
91.79,LOW,LOW,INTERNATIONAL,0
2025.22,HIGH,NONE,DOMESTIC,1
67.37,LOW,NONE,DOMESTIC,0
139.5,LOW,NONE,DOMESTIC,0
254.34,LOW,NONE,DOMESTIC,0
50.36,LOW,NONE,DOMESTIC,0
343.72,LOW,NONE,DOMESTIC,0
1938.57,HIGH,NONE,DOMESTIC,0
113.47,LOW,NONE,DOMESTIC,0
375.05,LOW,NONE,INTERNATIONAL,1
5.38,LOW,NONE,DOMESTIC,0
208.74,LOW,NONE,DOMESTIC,0
144.17,LOW,HIGH,DOMESTIC,0
72.87,LOW,NONE,DOMESTIC,0
947.27,MEDIUM,NONE,DOMESTIC,0
141.63,LOW,NONE,DOMESTIC,0
173.13,LOW,NONE,DOMESTIC,0
132.21,LOW,NONE,DOMESTIC,0
16.54,LOW,NONE,DOMESTIC,0
47.72,LOW,NONE,DOMESTIC,0
805.21,MEDIUM,NONE,INTERNATIONAL,0
12.75,LOW,NONE,INTERNATIONAL,0
78.19,LOW,NONE,INTERNATIONAL,0
128.25,LOW,NONE,DOMESTIC,0
2315.82,HIGH,NONE,DOMESTIC,0
620.95,MEDIUM,NONE,DOMESTIC,0
103.69,LOW,NONE,INTERNATIONAL,0
1280.14,HIGH,NONE,INTERNATIONAL,0
80.96,LOW,NONE,INTERNATIONAL,0
859.12,MEDIUM,NONE,DOMESTIC,0
35.13,LOW,NONE,DOMESTIC,0
936.85,MEDIUM,NONE,INTERNATIONAL,0
127.15,LOW,NONE,DOMESTIC,0
54.88,LOW,NONE,DOMESTIC,0
164.1,LOW,NONE,DOMESTIC,0
319.91,LOW,NONE,DOMESTIC,1
112.81,LOW,NONE,DOMESTIC,0
464.73,LOW,NONE,DOMESTIC,0
100.14,LOW,NONE,INTERNATIONAL,0
508.33,MEDIUM,MEDIUM,INTERNATIONAL,0
399.67,LOW,NONE,INTERNATIONAL,0
202.63,LOW,NONE,DOMESTIC,0
121.24,LOW,NONE,DOMESTIC,0
269.94,LOW,NONE,DOMESTIC,0
462.42,LOW,LOW,INTERNATIONAL,0
3558.36,HIGH,HIGH,DOMESTIC,0
781.99,MEDIUM,NONE,INTERNATIONAL,0
821.57,MEDIUM,NONE,DOMESTIC,0
14230.16,HIGH,NONE,DOMESTIC,0
441.5,LOW,HIGH,INTERNATIONAL,1
423.22,LOW,NONE,DOMESTIC,0
569.1,MEDIUM,NONE,INTERNATIONAL,0
56.35,LOW,LOW,DOMESTIC,0
120.83,LOW,LOW,DOMESTIC,0
111.09,LOW,NONE,DOMESTIC,0
527.37,MEDIUM,NONE,INTERNATIONAL,0
173.9,LOW,NONE,DOMESTIC,0
265.13,LOW,MEDIUM,INTERNATIONAL,1
954.98,MEDIUM,NONE,INTERNATIONAL,0
705.48,MEDIUM,NONE,DOMESTIC,0
176.85,LOW,NONE,INTERNATIONAL,0
89.04,LOW,NONE,INTERNATIONAL,0
1018.67,HIGH,NONE,DOMESTIC,0
625.39,MEDIUM,LOW,INTERNATIONAL,1
25.16,LOW,NONE,DOMESTIC,0
144.15,LOW,NONE,DOMESTIC,0
275.08,LOW,NONE,DOMESTIC,0
629.58,MEDIUM,NONE,INTERNATIONAL,0
751.65,MEDIUM,NONE,DOMESTIC,0
322.76,LOW,LOW,DOMESTIC,0
484.79,LOW,NONE,DOMESTIC,0
239.9,LOW,NONE,DOMESTIC,0
88.58,LOW,NONE,INTERNATIONAL,0
154.61,LOW,NONE,INTERNATIONAL,0
225.71,LOW,NONE,DOMESTIC,0
209.94,LOW,NONE,DOMESTIC,0
17.26,LOW,NONE,INTERNATIONAL,0
128.64,LOW,NONE,DOMESTIC,0
237.34,LOW,NONE,DOMESTIC,0
150.47,LOW,NONE,INTERNATIONAL,0
157.66,LOW,LOW,INTERNATIONAL,0
425.14,LOW,NONE,DOMESTIC,0
51.27,LOW,NONE,DOMESTIC,0
24.43,LOW,NONE,INTERNATIONAL,0
137.5,LOW,NONE,DOMESTIC,0
617.19,MEDIUM,NONE,DOMESTIC,0
2146.99,HIGH,NONE,INTERNATIONAL,0
632.39,MEDIUM,NONE,DOMESTIC,0
30.31,LOW,NONE,DOMESTIC,0
160.76,LOW,NONE,DOMESTIC,0
311.09,LOW,NONE,DOMESTIC,0
279.6,LOW,NONE,DOMESTIC,0
455.63,LOW,NONE,DOMESTIC,0
63.79,LOW,NONE,DOMESTIC,0
240.16,LOW,LOW,INTERNATIONAL,0
388.02,LOW,NONE,DOMESTIC,0
670.67,MEDIUM,NONE,DOMESTIC,0
74.14,LOW,NONE,DOMESTIC,0
138.06,LOW,NONE,DOMESTIC,0
5.72,LOW,NONE,INTERNATIONAL,1
95.07,LOW,NONE,DOMESTIC,0
108.38,LOW,NONE,DOMESTIC,0
55.54,LOW,HIGH,INTERNATIONAL,0
275.12,LOW,NONE,DOMESTIC,0
204.0,LOW,NONE,DOMESTIC,0
10.42,LOW,NONE,INTERNATIONAL,0
294.29,LOW,NONE,DOMESTIC,0
62.83,LOW,NONE,INTERNATIONAL,0
423.82,LOW,MEDIUM,INTERNATIONAL,0
38.98,LOW,NONE,INTERNATIONAL,0
229.09,LOW,NONE,DOMESTIC,0
150.11,LOW,NONE,INTERNATIONAL,0
331.23,LOW,HIGH,DOMESTIC,0
260.33,LOW,NONE,DOMESTIC,0
155.89,LOW,LOW,INTERNATIONAL,1
27.65,LOW,NONE,DOMESTIC,0
29.95,LOW,NONE,INTERNATIONAL,0
100.02,LOW,NONE,DOMESTIC,0
217.55,LOW,NONE,DOMESTIC,0
96.79,LOW,NONE,DOMESTIC,0
511.66,MEDIUM,NONE,INTERNATIONAL,0
150.91,LOW,NONE,DOMESTIC,0
59.79,LOW,NONE,DOMESTIC,0
151.14,LOW,NONE,DOMESTIC,0
298.43,LOW,NONE,INTERNATIONAL,0
341.12,LOW,NONE,DOMESTIC,0
2777.87,HIGH,NONE,DOMESTIC,0
89.17,LOW,NONE,DOMESTIC,0
199.22,LOW,NONE,DOMESTIC,0
391.07,LOW,NONE,DOMESTIC,0
213.15,LOW,NONE,DOMESTIC,0
111.92,LOW,NONE,INTERNATIONAL,0
27.17,LOW,LOW,INTERNATIONAL,1
110.39,LOW,NONE,DOMESTIC,0
51.63,LOW,NONE,DOMESTIC,0
21.39,LOW,NONE,DOMESTIC,1
75.15,LOW,NONE,INTERNATIONAL,0
53.52,LOW,NONE,DOMESTIC,0
483.83,LOW,NONE,DOMESTIC,0
495.27,LOW,NONE,INTERNATIONAL,0
64.94,LOW,NONE,DOMESTIC,1
154.83,LOW,NONE,DOMESTIC,0
17.9,LOW,NONE,DOMESTIC,0
112.87,LOW,NONE,DOMESTIC,0
377.0,LOW,NONE,DOMESTIC,0
670.01,MEDIUM,NONE,INTERNATIONAL,1
84.02,LOW,NONE,DOMESTIC,0
910.17,MEDIUM,NONE,DOMESTIC,0
28.43,LOW,NONE,INTERNATIONAL,0
40.83,LOW,LOW,INTERNATIONAL,0
573.45,MEDIUM,NONE,DOMESTIC,0
2099.89,HIGH,NONE,INTERNATIONAL,0
428.27,LOW,NONE,DOMESTIC,0
208.34,LOW,NONE,DOMESTIC,1
11.36,LOW,NONE,DOMESTIC,0
14.34,LOW,NONE,DOMESTIC,0
262.0,LOW,MEDIUM,INTERNATIONAL,1
135.67,LOW,NONE,INTERNATIONAL,0
49.44,LOW,NONE,DOMESTIC,0
240.35,LOW,NONE,DOMESTIC,0
256.99,LOW,MEDIUM,INTERNATIONAL,0
787.28,MEDIUM,NONE,DOMESTIC,0
264.55,LOW,NONE,DOMESTIC,0
1155.12,HIGH,NONE,DOMESTIC,0
222.39,LOW,MEDIUM,DOMESTIC,0
188.28,LOW,NONE,DOMESTIC,0
925.61,MEDIUM,NONE,INTERNATIONAL,0
58.72,LOW,NONE,DOMESTIC,0
9829.38,HIGH,NONE,DOMESTIC,0
365.12,LOW,HIGH,INTERNATIONAL,0
367.88,LOW,NONE,DOMESTIC,0
446.98,LOW,NONE,INTERNATIONAL,0
2773.21,HIGH,NONE,DOMESTIC,0
641.31,MEDIUM,NONE,DOMESTIC,0
25.2,LOW,NONE,DOMESTIC,0
1463.1,HIGH,NONE,INTERNATIONAL,0
138.85,LOW,LOW,DOMESTIC,0
254.24,LOW,HIGH,INTERNATIONAL,1
39.12,LOW,NONE,DOMESTIC,0
447.64,LOW,NONE,DOMESTIC,0
91.31,LOW,HIGH,INTERNATIONAL,0
251.86,LOW,NONE,DOMESTIC,0
149.92,LOW,LOW,INTERNATIONAL,0
2958.37,HIGH,NONE,DOMESTIC,0
3196.08,HIGH,NONE,DOMESTIC,0
234.26,LOW,LOW,INTERNATIONAL,0
239.85,LOW,NONE,DOMESTIC,0
132.88,LOW,NONE,DOMESTIC,0
979.2,MEDIUM,NONE,DOMESTIC,0
141.12,LOW,NONE,INTERNATIONAL,0
124.56,LOW,NONE,DOMESTIC,0
824.46,MEDIUM,NONE,DOMESTIC,0
106.37,LOW,MEDIUM,INTERNATIONAL,0
209.07,LOW,NONE,DOMESTIC,0
26.02,LOW,NONE,INTERNATIONAL,0
569.23,MEDIUM,HIGH,INTERNATIONAL,1
3022.37,HIGH,NONE,DOMESTIC,0
582.47,MEDIUM,NONE,INTERNATIONAL,0
1582.97,HIGH,NONE,DOMESTIC,0
70.2,LOW,NONE,DOMESTIC,0
302.68,LOW,MEDIUM,DOMESTIC,0
61.58,LOW,NONE,DOMESTIC,0
161.76,LOW,NONE,DOMESTIC,0
623.98,MEDIUM,NONE,DOMESTIC,0
252.42,LOW,NONE,DOMESTIC,0
32.67,LOW,NONE,DOMESTIC,0
37.28,LOW,NONE,DOMESTIC,1
34.09,LOW,NONE,INTERNATIONAL,0
427.13,LOW,LOW,DOMESTIC,0
3568.44,HIGH,NONE,DOMESTIC,0
1384.29,HIGH,NONE,DOMESTIC,0
17.01,LOW,NONE,DOMESTIC,0
1498.29,HIGH,NONE,DOMESTIC,0
778.81,MEDIUM,NONE,DOMESTIC,0
27.32,LOW,NONE,DOMESTIC,0
146.1,LOW,NONE,INTERNATIONAL,0
965.44,MEDIUM,NONE,DOMESTIC,0
462.53,LOW,NONE,DOMESTIC,0
37.58,LOW,NONE,INTERNATIONAL,0
501.76,MEDIUM,NONE,DOMESTIC,0
12.28,LOW,NONE,DOMESTIC,0
162.85,LOW,NONE,DOMESTIC,0
1022.36,HIGH,NONE,DOMESTIC,0
225.53,LOW,NONE,DOMESTIC,0
112.18,LOW,NONE,DOMESTIC,0
730.88,MEDIUM,NONE,DOMESTIC,0
820.2,MEDIUM,NONE,INTERNATIONAL,0
1289.72,HIGH,NONE,DOMESTIC,0
716.22,MEDIUM,NONE,DOMESTIC,0
947.17,MEDIUM,NONE,DOMESTIC,0
591.73,MEDIUM,HIGH,INTERNATIONAL,0
314.85,LOW,NONE,DOMESTIC,1
248.26,LOW,NONE,DOMESTIC,0
159.7,LOW,NONE,DOMESTIC,0
42.82,LOW,NONE,INTERNATIONAL,0
60.58,LOW,NONE,DOMESTIC,0
150.34,LOW,NONE,DOMESTIC,0
304.78,LOW,NONE,DOMESTIC,0
1538.75,HIGH,NONE,DOMESTIC,0
207.93,LOW,NONE,DOMESTIC,0
852.63,MEDIUM,HIGH,DOMESTIC,0
944.55,MEDIUM,NONE,DOMESTIC,0
160.96,LOW,LOW,INTERNATIONAL,0
491.01,LOW,NONE,INTERNATIONAL,0
158.36,LOW,NONE,DOMESTIC,0
1310.95,HIGH,NONE,DOMESTIC,0
519.06,MEDIUM,HIGH,DOMESTIC,0
44.1,LOW,NONE,DOMESTIC,0
273.61,LOW,NONE,DOMESTIC,0
2035.67,HIGH,NONE,DOMESTIC,0
172.25,LOW,NONE,INTERNATIONAL,0
402.64,LOW,NONE,DOMESTIC,0
459.7,LOW,NONE,INTERNATIONAL,0
54.28,LOW,NONE,DOMESTIC,0
438.38,LOW,NONE,DOMESTIC,0
33.51,LOW,LOW,DOMESTIC,0
94.54,LOW,NONE,DOMESTIC,0
939.98,MEDIUM,NONE,DOMESTIC,0
356.11,LOW,NONE,DOMESTIC,0
145.85,LOW,NONE,DOMESTIC,0
401.96,LOW,NONE,DOMESTIC,0
202.86,LOW,NONE,DOMESTIC,0
223.77,LOW,NONE,DOMESTIC,1
533.97,MEDIUM,NONE,DOMESTIC,0
82.41,LOW,LOW,INTERNATIONAL,0
232.31,LOW,NONE,DOMESTIC,0
144.32,LOW,NONE,DOMESTIC,0
25.87,LOW,NONE,DOMESTIC,0
63.5,LOW,NONE,DOMESTIC,0
1827.5,HIGH,NONE,DOMESTIC,0
369.82,LOW,NONE,DOMESTIC,0
36.85,LOW,NONE,DOMESTIC,0
27.5,LOW,NONE,DOMESTIC,0
189.09,LOW,NONE,DOMESTIC,0
1810.27,HIGH,NONE,INTERNATIONAL,0
170.97,LOW,NONE,INTERNATIONAL,0
1284.44,HIGH,NONE,DOMESTIC,0
353.8,LOW,NONE,DOMESTIC,0
415.64,LOW,NONE,DOMESTIC,0
36.25,LOW,LOW,DOMESTIC,0
779.99,MEDIUM,NONE,DOMESTIC,0
139.98,LOW,NONE,DOMESTIC,0
705.43,MEDIUM,NONE,DOMESTIC,0
73.3,LOW,NONE,DOMESTIC,0
279.4,LOW,NONE,DOMESTIC,0
353.84,LOW,HIGH,INTERNATIONAL,0
178.7,LOW,NONE,INTERNATIONAL,0
379.85,LOW,NONE,DOMESTIC,0
153.54,LOW,NONE,DOMESTIC,0
91.6,LOW,NONE,DOMESTIC,0
1921.82,HIGH,NONE,DOMESTIC,0
906.61,MEDIUM,NONE,DOMESTIC,0
78.76,LOW,LOW,INTERNATIONAL,0
473.91,LOW,NONE,DOMESTIC,0
80.72,LOW,NONE,DOMESTIC,0
44.45,LOW,NONE,INTERNATIONAL,0
888.27,MEDIUM,NONE,DOMESTIC,0
22.05,LOW,NONE,DOMESTIC,0
768.84,MEDIUM,HIGH,INTERNATIONAL,1
156.41,LOW,NONE,INTERNATIONAL,0
165.35,LOW,NONE,DOMESTIC,0
382.52,LOW,NONE,INTERNATIONAL,0
482.15,LOW,NONE,DOMESTIC,0
72.1,LOW,NONE,DOMESTIC,0
579.73,MEDIUM,NONE,DOMESTIC,0
256.38,LOW,NONE,INTERNATIONAL,0
40.36,LOW,LOW,INTERNATIONAL,0
174.91,LOW,NONE,DOMESTIC,0
1419.92,HIGH,NONE,DOMESTIC,0
2115.47,HIGH,NONE,INTERNATIONAL,0
579.43,MEDIUM,NONE,DOMESTIC,0
44.11,LOW,NONE,DOMESTIC,0
426.64,LOW,NONE,INTERNATIONAL,0
693.87,MEDIUM,NONE,DOMESTIC,0
586.01,MEDIUM,NONE,DOMESTIC,0
634.8,MEDIUM,NONE,DOMESTIC,0
359.26,LOW,NONE,DOMESTIC,0
199.51,LOW,NONE,INTERNATIONAL,0
96.77,LOW,NONE,DOMESTIC,0
16.97,LOW,NONE,DOMESTIC,0
347.98,LOW,NONE,DOMESTIC,0
282.82,LOW,NONE,DOMESTIC,0
467.01,LOW,NONE,DOMESTIC,0
36.16,LOW,NONE,DOMESTIC,0
525.53,MEDIUM,NONE,DOMESTIC,0
3523.69,HIGH,NONE,DOMESTIC,1
244.58,LOW,NONE,DOMESTIC,0
202.43,LOW,NONE,DOMESTIC,0
333.88,LOW,NONE,DOMESTIC,0
3419.61,HIGH,NONE,DOMESTIC,0
55.24,LOW,NONE,DOMESTIC,0
289.44,LOW,LOW,DOMESTIC,0
74.75,LOW,NONE,DOMESTIC,0
105.13,LOW,NONE,DOMESTIC,0
205.75,LOW,NONE,DOMESTIC,0
1356.3,HIGH,HIGH,INTERNATIONAL,1
2502.3,HIGH,NONE,DOMESTIC,0
402.87,LOW,NONE,DOMESTIC,0
132.32,LOW,NONE,DOMESTIC,0
6366.63,HIGH,NONE,DOMESTIC,0
123.52,LOW,NONE,DOMESTIC,0
101.76,LOW,NONE,DOMESTIC,0
20.03,LOW,NONE,DOMESTIC,0
1448.6,HIGH,NONE,INTERNATIONAL,1
813.02,MEDIUM,NONE,DOMESTIC,0
5754.08,HIGH,NONE,INTERNATIONAL,1
33.71,LOW,LOW,INTERNATIONAL,0
1575.23,HIGH,NONE,DOMESTIC,0
241.85,LOW,HIGH,INTERNATIONAL,1
653.19,MEDIUM,NONE,INTERNATIONAL,0
23.79,LOW,NONE,DOMESTIC,0
1596.45,HIGH,NONE,DOMESTIC,0
636.14,MEDIUM,NONE,DOMESTIC,0
208.74,LOW,NONE,DOMESTIC,0
525.59,MEDIUM,NONE,DOMESTIC,0
78.27,LOW,NONE,DOMESTIC,0
100.62,LOW,NONE,DOMESTIC,0
117.68,LOW,MEDIUM,INTERNATIONAL,1
18.04,LOW,NONE,DOMESTIC,0
704.16,MEDIUM,NONE,DOMESTIC,0
1099.14,HIGH,NONE,DOMESTIC,0
85.35,LOW,HIGH,INTERNATIONAL,0
352.02,LOW,NONE,DOMESTIC,0
153.72,LOW,NONE,DOMESTIC,0
342.68,LOW,NONE,DOMESTIC,0
94.29,LOW,NONE,DOMESTIC,0
66.75,LOW,LOW,INTERNATIONAL,1
910.44,MEDIUM,NONE,DOMESTIC,0
201.83,LOW,NONE,DOMESTIC,0
3372.72,HIGH,NONE,DOMESTIC,0
234.19,LOW,NONE,INTERNATIONAL,0
63.02,LOW,NONE,INTERNATIONAL,0
1152.86,HIGH,NONE,DOMESTIC,0
515.54,MEDIUM,NONE,INTERNATIONAL,0
586.93,MEDIUM,NONE,DOMESTIC,0
1097.66,HIGH,MEDIUM,INTERNATIONAL,1
91.14,LOW,NONE,INTERNATIONAL,0
185.27,LOW,NONE,DOMESTIC,0
174.54,LOW,NONE,DOMESTIC,0
38.52,LOW,NONE,DOMESTIC,0
154.13,LOW,NONE,DOMESTIC,0
1336.41,HIGH,NONE,DOMESTIC,0
303.09,LOW,NONE,DOMESTIC,0
35.75,LOW,NONE,DOMESTIC,0
26.93,LOW,NONE,DOMESTIC,0
2081.98,HIGH,NONE,DOMESTIC,0
194.75,LOW,NONE,DOMESTIC,0
91.8,LOW,NONE,DOMESTIC,0
151.98,LOW,NONE,DOMESTIC,0
29.94,LOW,NONE,INTERNATIONAL,0
1502.38,HIGH,NONE,INTERNATIONAL,1
129.41,LOW,NONE,DOMESTIC,0
1393.56,HIGH,NONE,DOMESTIC,0
235.89,LOW,LOW,DOMESTIC,0
1515.49,HIGH,NONE,INTERNATIONAL,0
311.12,LOW,NONE,DOMESTIC,0
696.1,MEDIUM,NONE,INTERNATIONAL,0
580.8,MEDIUM,NONE,DOMESTIC,0
510.34,MEDIUM,NONE,DOMESTIC,0
351.9,LOW,NONE,DOMESTIC,0
160.66,LOW,MEDIUM,INTERNATIONAL,0
2920.37,HIGH,NONE,INTERNATIONAL,0
64.67,LOW,NONE,DOMESTIC,0
221.28,LOW,NONE,DOMESTIC,0
224.47,LOW,MEDIUM,DOMESTIC,1
378.77,LOW,LOW,INTERNATIONAL,0
123.2,LOW,NONE,DOMESTIC,0
336.48,LOW,MEDIUM,INTERNATIONAL,0
175.16,LOW,NONE,DOMESTIC,0
26.0,LOW,NONE,DOMESTIC,0
222.86,LOW,NONE,DOMESTIC,0
49.79,LOW,NONE,DOMESTIC,1
21.16,LOW,NONE,INTERNATIONAL,0
264.65,LOW,NONE,INTERNATIONAL,0
425.08,LOW,MEDIUM,INTERNATIONAL,1
447.94,LOW,NONE,DOMESTIC,0
473.1,LOW,NONE,INTERNATIONAL,1
16.19,LOW,NONE,DOMESTIC,0
35.03,LOW,NONE,DOMESTIC,1
3158.59,HIGH,NONE,DOMESTIC,0
53.51,LOW,NONE,DOMESTIC,0
501.83,MEDIUM,NONE,DOMESTIC,0
87.03,LOW,NONE,DOMESTIC,0
244.98,LOW,NONE,DOMESTIC,0
93.57,LOW,NONE,DOMESTIC,0
469.52,LOW,NONE,DOMESTIC,0
264.61,LOW,NONE,DOMESTIC,0
120.11,LOW,NONE,INTERNATIONAL,0
53.3,LOW,NONE,DOMESTIC,0
315.8,LOW,NONE,DOMESTIC,0
42.8,LOW,NONE,INTERNATIONAL,0
391.79,LOW,NONE,INTERNATIONAL,0
7626.48,HIGH,HIGH,INTERNATIONAL,1
1361.52,HIGH,NONE,INTERNATIONAL,0
580.21,MEDIUM,LOW,INTERNATIONAL,0
195.99,LOW,NONE,DOMESTIC,0
16.06,LOW,NONE,INTERNATIONAL,0
36.91,LOW,NONE,INTERNATIONAL,0
1243.14,HIGH,LOW,DOMESTIC,1
75.75,LOW,NONE,INTERNATIONAL,0
85.6,LOW,MEDIUM,INTERNATIONAL,0
175.91,LOW,NONE,INTERNATIONAL,0
52.45,LOW,LOW,INTERNATIONAL,0
41.99,LOW,HIGH,DOMESTIC,0
205.51,LOW,NONE,DOMESTIC,0
66.03,LOW,NONE,DOMESTIC,0
80.9,LOW,MEDIUM,INTERNATIONAL,0
76.63,LOW,NONE,INTERNATIONAL,0
445.33,LOW,NONE,INTERNATIONAL,0
160.82,LOW,NONE,INTERNATIONAL,0
172.87,LOW,NONE,INTERNATIONAL,0
492.5,LOW,NONE,DOMESTIC,0
181.61,LOW,NONE,INTERNATIONAL,0
151.11,LOW,NONE,DOMESTIC,0
415.19,LOW,NONE,DOMESTIC,0
542.23,MEDIUM,NONE,DOMESTIC,0
180.38,LOW,NONE,DOMESTIC,0
245.29,LOW,NONE,DOMESTIC,0
76.57,LOW,NONE,DOMESTIC,0
68.83,LOW,NONE,DOMESTIC,0
621.4,MEDIUM,NONE,INTERNATIONAL,0
401.14,LOW,NONE,DOMESTIC,0
406.78,LOW,NONE,DOMESTIC,0
321.43,LOW,NONE,DOMESTIC,0
234.16,LOW,NONE,DOMESTIC,0
563.28,MEDIUM,NONE,DOMESTIC,0
777.45,MEDIUM,NONE,DOMESTIC,0
752.79,MEDIUM,LOW,INTERNATIONAL,0
192.02,LOW,NONE,DOMESTIC,0
1430.91,HIGH,LOW,INTERNATIONAL,1
299.48,LOW,NONE,DOMESTIC,0
516.63,MEDIUM,MEDIUM,INTERNATIONAL,1
321.97,LOW,NONE,INTERNATIONAL,0
307.07,LOW,NONE,DOMESTIC,0
81.48,LOW,NONE,DOMESTIC,0
567.05,MEDIUM,NONE,DOMESTIC,0
10247.36,HIGH,NONE,DOMESTIC,0
132.64,LOW,NONE,DOMESTIC,0
242.13,LOW,NONE,DOMESTIC,0
120.45,LOW,MEDIUM,INTERNATIONAL,0
113.84,LOW,NONE,INTERNATIONAL,1
1769.82,HIGH,NONE,DOMESTIC,0
88.69,LOW,NONE,DOMESTIC,0
116.0,LOW,NONE,DOMESTIC,0
25.8,LOW,NONE,DOMESTIC,0
79.11,LOW,NONE,INTERNATIONAL,0
21.92,LOW,NONE,DOMESTIC,0
516.24,MEDIUM,NONE,DOMESTIC,0
9635.59,HIGH,NONE,DOMESTIC,0
134.1,LOW,NONE,DOMESTIC,0
23.18,LOW,NONE,DOMESTIC,0
741.46,MEDIUM,NONE,DOMESTIC,0
82.46,LOW,NONE,DOMESTIC,0
1271.24,HIGH,NONE,DOMESTIC,0
150.34,LOW,NONE,INTERNATIONAL,0
93.75,LOW,NONE,DOMESTIC,0
173.02,LOW,MEDIUM,INTERNATIONAL,0
611.94,MEDIUM,NONE,DOMESTIC,0
161.84,LOW,NONE,DOMESTIC,0
112.51,LOW,NONE,INTERNATIONAL,0
168.21,LOW,NONE,DOMESTIC,0
39.51,LOW,NONE,DOMESTIC,0
376.01,LOW,NONE,DOMESTIC,0
19.72,LOW,NONE,INTERNATIONAL,0
120.79,LOW,NONE,INTERNATIONAL,0
613.27,MEDIUM,NONE,DOMESTIC,0
331.21,LOW,NONE,DOMESTIC,0
488.12,LOW,NONE,DOMESTIC,0
201.51,LOW,NONE,DOMESTIC,0
1067.19,HIGH,HIGH,DOMESTIC,1
766.6,MEDIUM,NONE,DOMESTIC,0
401.79,LOW,NONE,INTERNATIONAL,0
769.56,MEDIUM,NONE,DOMESTIC,0
605.89,MEDIUM,MEDIUM,INTERNATIONAL,0
121.55,LOW,NONE,DOMESTIC,0
35.85,LOW,MEDIUM,INTERNATIONAL,0
388.04,LOW,NONE,DOMESTIC,0
459.83,LOW,NONE,DOMESTIC,0
958.88,MEDIUM,NONE,DOMESTIC,0
62.15,LOW,NONE,DOMESTIC,0
64.71,LOW,NONE,DOMESTIC,0
409.32,LOW,NONE,DOMESTIC,1
199.85,LOW,NONE,DOMESTIC,0
17.25,LOW,NONE,DOMESTIC,0
365.05,LOW,NONE,INTERNATIONAL,0
18.04,LOW,NONE,INTERNATIONAL,0
61.41,LOW,NONE,DOMESTIC,0
1364.3,HIGH,NONE,INTERNATIONAL,0
2584.31,HIGH,NONE,DOMESTIC,0
42.63,LOW,NONE,DOMESTIC,0
141.03,LOW,NONE,INTERNATIONAL,0
233.03,LOW,NONE,DOMESTIC,0
2436.42,HIGH,NONE,DOMESTIC,0
113.1,LOW,NONE,DOMESTIC,0
115.57,LOW,NONE,DOMESTIC,0
1780.07,HIGH,NONE,DOMESTIC,1
132.64,LOW,NONE,DOMESTIC,0
583.24,MEDIUM,HIGH,DOMESTIC,0
29.95,LOW,NONE,DOMESTIC,0
174.59,LOW,NONE,DOMESTIC,0
23.41,LOW,NONE,DOMESTIC,0
52.92,LOW,NONE,INTERNATIONAL,0
683.04,MEDIUM,HIGH,INTERNATIONAL,1
205.67,LOW,NONE,DOMESTIC,0
143.0,LOW,NONE,INTERNATIONAL,0
80.06,LOW,NONE,DOMESTIC,0
163.32,LOW,HIGH,DOMESTIC,0
330.34,LOW,NONE,DOMESTIC,0
829.29,MEDIUM,NONE,DOMESTIC,0
6.36,LOW,NONE,INTERNATIONAL,0
71.58,LOW,NONE,INTERNATIONAL,0
272.71,LOW,NONE,DOMESTIC,0
192.51,LOW,NONE,DOMESTIC,0
379.25,LOW,NONE,DOMESTIC,0
315.7,LOW,NONE,DOMESTIC,0
145.77,LOW,NONE,DOMESTIC,0
108.03,LOW,NONE,INTERNATIONAL,0
157.94,LOW,LOW,INTERNATIONAL,0
1037.36,HIGH,NONE,INTERNATIONAL,0
81.89,LOW,NONE,DOMESTIC,0
202.12,LOW,NONE,DOMESTIC,0
281.78,LOW,NONE,DOMESTIC,0
1808.23,HIGH,MEDIUM,INTERNATIONAL,1
146.67,LOW,NONE,DOMESTIC,0
802.73,MEDIUM,NONE,DOMESTIC,0
1160.72,HIGH,NONE,DOMESTIC,0
201.86,LOW,NONE,INTERNATIONAL,0
165.53,LOW,NONE,INTERNATIONAL,0
141.09,LOW,NONE,DOMESTIC,0
155.75,LOW,NONE,DOMESTIC,0
697.05,MEDIUM,NONE,INTERNATIONAL,0
300.51,LOW,LOW,DOMESTIC,0
302.25,LOW,NONE,DOMESTIC,0
48.16,LOW,NONE,DOMESTIC,0
59.59,LOW,NONE,DOMESTIC,0
3973.02,HIGH,NONE,DOMESTIC,1
173.05,LOW,MEDIUM,INTERNATIONAL,0
77.3,LOW,MEDIUM,DOMESTIC,0
1518.7,HIGH,NONE,DOMESTIC,0
321.84,LOW,NONE,DOMESTIC,0
480.17,LOW,NONE,DOMESTIC,0
182.59,LOW,NONE,DOMESTIC,0
143.08,LOW,NONE,DOMESTIC,0
174.98,LOW,NONE,DOMESTIC,0
34.02,LOW,NONE,DOMESTIC,0
195.38,LOW,NONE,DOMESTIC,0
328.08,LOW,NONE,DOMESTIC,0
2675.13,HIGH,NONE,DOMESTIC,0
247.08,LOW,LOW,DOMESTIC,1
9.42,LOW,NONE,DOMESTIC,0
193.78,LOW,NONE,DOMESTIC,0
8883.56,HIGH,NONE,INTERNATIONAL,0
708.55,MEDIUM,NONE,DOMESTIC,0
73.62,LOW,LOW,INTERNATIONAL,0
488.64,LOW,NONE,DOMESTIC,0
80.79,LOW,NONE,INTERNATIONAL,0
35.37,LOW,NONE,DOMESTIC,0
137.46,LOW,NONE,DOMESTIC,0
248.93,LOW,NONE,DOMESTIC,0
17.57,LOW,NONE,DOMESTIC,0
46.63,LOW,HIGH,INTERNATIONAL,1
223.09,LOW,MEDIUM,DOMESTIC,0
126.8,LOW,NONE,DOMESTIC,0
374.89,LOW,NONE,DOMESTIC,0
42.68,LOW,NONE,DOMESTIC,0
576.91,MEDIUM,NONE,DOMESTIC,0
44.5,LOW,LOW,INTERNATIONAL,0
2020.94,HIGH,MEDIUM,DOMESTIC,1
21.7,LOW,NONE,INTERNATIONAL,0
50.33,LOW,NONE,DOMESTIC,0
386.48,LOW,HIGH,INTERNATIONAL,0
2080.46,HIGH,NONE,DOMESTIC,0
336.61,LOW,NONE,DOMESTIC,0
470.35,LOW,LOW,INTERNATIONAL,0
225.27,LOW,NONE,DOMESTIC,0
55.04,LOW,NONE,DOMESTIC,0
113.52,LOW,NONE,DOMESTIC,0
42.84,LOW,NONE,DOMESTIC,0
39.15,LOW,NONE,INTERNATIONAL,0
378.41,LOW,NONE,INTERNATIONAL,0
48.3,LOW,NONE,DOMESTIC,0
338.67,LOW,NONE,INTERNATIONAL,0
37.95,LOW,NONE,DOMESTIC,0
328.24,LOW,NONE,INTERNATIONAL,0
113.74,LOW,NONE,DOMESTIC,1
1469.33,HIGH,NONE,DOMESTIC,1
340.58,LOW,NONE,DOMESTIC,0
1166.7,HIGH,NONE,DOMESTIC,0
79.32,LOW,NONE,DOMESTIC,0
237.32,LOW,NONE,DOMESTIC,0
58.51,LOW,MEDIUM,DOMESTIC,0
125.87,LOW,LOW,DOMESTIC,0
154.44,LOW,NONE,DOMESTIC,0
82.58,LOW,NONE,DOMESTIC,0
42.64,LOW,NONE,DOMESTIC,0
32.63,LOW,LOW,INTERNATIONAL,0
9.35,LOW,LOW,DOMESTIC,0
52.86,LOW,LOW,INTERNATIONAL,0
513.24,MEDIUM,NONE,INTERNATIONAL,0
25.42,LOW,NONE,DOMESTIC,0
34.7,LOW,NONE,DOMESTIC,0
2468.44,HIGH,NONE,DOMESTIC,0
93.16,LOW,MEDIUM,INTERNATIONAL,0
339.35,LOW,NONE,DOMESTIC,0
523.61,MEDIUM,NONE,INTERNATIONAL,0
538.1,MEDIUM,LOW,INTERNATIONAL,0
28.18,LOW,NONE,DOMESTIC,0
161.05,LOW,NONE,INTERNATIONAL,0
24.75,LOW,NONE,DOMESTIC,0
5979.89,HIGH,NONE,INTERNATIONAL,0
25.55,LOW,LOW,INTERNATIONAL,0
53.47,LOW,NONE,DOMESTIC,0
53.99,LOW,NONE,DOMESTIC,0
29.17,LOW,NONE,DOMESTIC,0
1365.98,HIGH,NONE,INTERNATIONAL,0
5790.26,HIGH,NONE,DOMESTIC,0
115.74,LOW,NONE,INTERNATIONAL,0
37.01,LOW,NONE,DOMESTIC,1
10.74,LOW,NONE,DOMESTIC,0
158.23,LOW,MEDIUM,INTERNATIONAL,0
143.53,LOW,NONE,DOMESTIC,0
91.32,LOW,NONE,DOMESTIC,0
296.63,LOW,NONE,DOMESTIC,0
375.07,LOW,NONE,DOMESTIC,0
340.29,LOW,NONE,DOMESTIC,0
143.58,LOW,NONE,DOMESTIC,0
49.72,LOW,NONE,DOMESTIC,0
540.5,MEDIUM,NONE,DOMESTIC,0
223.75,LOW,NONE,DOMESTIC,0
729.9,MEDIUM,HIGH,DOMESTIC,0
639.21,MEDIUM,NONE,DOMESTIC,0
32.27,LOW,NONE,INTERNATIONAL,0
31.74,LOW,NONE,DOMESTIC,0
79.33,LOW,NONE,DOMESTIC,0
52.86,LOW,NONE,DOMESTIC,0
609.85,MEDIUM,HIGH,INTERNATIONAL,0
353.5,LOW,MEDIUM,INTERNATIONAL,0
970.22,MEDIUM,NONE,INTERNATIONAL,0
375.74,LOW,NONE,INTERNATIONAL,0
291.58,LOW,NONE,DOMESTIC,0
1111.27,HIGH,NONE,INTERNATIONAL,0
414.78,LOW,NONE,DOMESTIC,0
241.18,LOW,NONE,INTERNATIONAL,0
1623.34,HIGH,NONE,INTERNATIONAL,0
257.01,LOW,NONE,INTERNATIONAL,0
145.88,LOW,NONE,DOMESTIC,0
70.99,LOW,NONE,INTERNATIONAL,1
568.34,MEDIUM,NONE,DOMESTIC,0
1168.7,HIGH,NONE,DOMESTIC,0
205.48,LOW,LOW,DOMESTIC,0
1286.03,HIGH,NONE,DOMESTIC,0
15.4,LOW,NONE,DOMESTIC,0
204.13,LOW,NONE,DOMESTIC,0
208.41,LOW,NONE,DOMESTIC,0
82.45,LOW,NONE,DOMESTIC,0
5496.35,HIGH,NONE,DOMESTIC,1
201.19,LOW,NONE,DOMESTIC,1
126.87,LOW,NONE,INTERNATIONAL,0
227.85,LOW,NONE,DOMESTIC,0
14.73,LOW,NONE,INTERNATIONAL,0
78.87,LOW,NONE,DOMESTIC,0
829.65,MEDIUM,NONE,DOMESTIC,0
94.12,LOW,NONE,DOMESTIC,0
71.85,LOW,NONE,DOMESTIC,0
1288.83,HIGH,NONE,DOMESTIC,0
1343.42,HIGH,NONE,DOMESTIC,0
442.11,LOW,NONE,DOMESTIC,0
119.01,LOW,NONE,DOMESTIC,0
159.23,LOW,NONE,DOMESTIC,0
74.29,LOW,NONE,DOMESTIC,0
57.44,LOW,NONE,INTERNATIONAL,0
53.71,LOW,NONE,DOMESTIC,0
95.51,LOW,NONE,DOMESTIC,0
54.42,LOW,NONE,DOMESTIC,0
26.65,LOW,NONE,DOMESTIC,0
295.84,LOW,NONE,DOMESTIC,0
301.97,LOW,NONE,DOMESTIC,0
2185.71,HIGH,NONE,DOMESTIC,0
89.24,LOW,NONE,DOMESTIC,0
328.11,LOW,NONE,DOMESTIC,0
335.56,LOW,NONE,DOMESTIC,0
156.17,LOW,NONE,DOMESTIC,0
600.93,MEDIUM,NONE,INTERNATIONAL,0
626.52,MEDIUM,NONE,DOMESTIC,0
342.28,LOW,NONE,DOMESTIC,0
155.79,LOW,NONE,DOMESTIC,0
135.77,LOW,HIGH,DOMESTIC,0
34.71,LOW,MEDIUM,INTERNATIONAL,0
74.12,LOW,NONE,INTERNATIONAL,0
95.0,LOW,NONE,DOMESTIC,0
48.24,LOW,NONE,DOMESTIC,0
398.43,LOW,NONE,INTERNATIONAL,0
1106.63,HIGH,NONE,DOMESTIC,0
64.57,LOW,HIGH,INTERNATIONAL,0
322.55,LOW,NONE,DOMESTIC,0
54.47,LOW,NONE,DOMESTIC,0
145.76,LOW,NONE,DOMESTIC,0
86.63,LOW,NONE,DOMESTIC,0
495.81,LOW,NONE,INTERNATIONAL,0
87.99,LOW,NONE,DOMESTIC,0
862.1,MEDIUM,NONE,DOMESTIC,0
157.89,LOW,NONE,DOMESTIC,0
91.53,LOW,NONE,INTERNATIONAL,0
40.51,LOW,NONE,DOMESTIC,0
309.65,LOW,NONE,INTERNATIONAL,0
736.69,MEDIUM,NONE,INTERNATIONAL,1
318.18,LOW,NONE,DOMESTIC,0
4519.02,HIGH,NONE,INTERNATIONAL,0
1516.02,HIGH,HIGH,INTERNATIONAL,0
145.25,LOW,NONE,DOMESTIC,0
143.21,LOW,NONE,DOMESTIC,0
414.77,LOW,NONE,DOMESTIC,0
70.97,LOW,NONE,DOMESTIC,0
1062.22,HIGH,NONE,DOMESTIC,0
358.45,LOW,HIGH,INTERNATIONAL,1
311.02,LOW,NONE,DOMESTIC,0
556.14,MEDIUM,NONE,DOMESTIC,0
2251.72,HIGH,NONE,DOMESTIC,0
277.11,LOW,NONE,DOMESTIC,0
188.86,LOW,NONE,DOMESTIC,0
1686.48,HIGH,MEDIUM,DOMESTIC,1
812.26,MEDIUM,NONE,DOMESTIC,0
142.64,LOW,NONE,DOMESTIC,0
221.55,LOW,NONE,DOMESTIC,0
286.4,LOW,NONE,INTERNATIONAL,1
358.55,LOW,NONE,DOMESTIC,0
35.24,LOW,NONE,DOMESTIC,0
27.42,LOW,NONE,DOMESTIC,0
66.4,LOW,NONE,DOMESTIC,0
59.81,LOW,NONE,DOMESTIC,0
92.25,LOW,NONE,DOMESTIC,0
518.27,MEDIUM,NONE,DOMESTIC,0
175.14,LOW,NONE,DOMESTIC,0
286.79,LOW,NONE,DOMESTIC,0
42.13,LOW,NONE,DOMESTIC,0
117.97,LOW,NONE,DOMESTIC,0
486.11,LOW,NONE,INTERNATIONAL,0
491.18,LOW,NONE,DOMESTIC,1
82.72,LOW,LOW,INTERNATIONAL,1
273.66,LOW,NONE,DOMESTIC,0
4281.56,HIGH,NONE,DOMESTIC,0
214.84,LOW,NONE,DOMESTIC,0
86.3,LOW,LOW,DOMESTIC,0
174.0,LOW,NONE,DOMESTIC,0
249.15,LOW,NONE,INTERNATIONAL,0
179.39,LOW,NONE,DOMESTIC,0
210.88,LOW,NONE,DOMESTIC,0
31.34,LOW,NONE,DOMESTIC,0
59.98,LOW,NONE,DOMESTIC,0
179.83,LOW,NONE,DOMESTIC,0
176.01,LOW,NONE,DOMESTIC,0
102.44,LOW,NONE,DOMESTIC,0
173.24,LOW,NONE,DOMESTIC,0
238.89,LOW,NONE,DOMESTIC,0
730.94,MEDIUM,NONE,DOMESTIC,0
192.42,LOW,NONE,DOMESTIC,0
377.06,LOW,NONE,DOMESTIC,0
105.9,LOW,NONE,INTERNATIONAL,0
476.26,LOW,NONE,INTERNATIONAL,0
365.35,LOW,NONE,DOMESTIC,0
708.03,MEDIUM,NONE,DOMESTIC,0
576.4,MEDIUM,NONE,INTERNATIONAL,0
487.08,LOW,NONE,DOMESTIC,0
192.63,LOW,NONE,DOMESTIC,0
306.22,LOW,NONE,DOMESTIC,0
924.6,MEDIUM,NONE,DOMESTIC,0
91.22,LOW,NONE,INTERNATIONAL,0
94.19,LOW,HIGH,INTERNATIONAL,1
281.06,LOW,NONE,INTERNATIONAL,0
385.39,LOW,NONE,INTERNATIONAL,1
72.32,LOW,NONE,DOMESTIC,0
198.88,LOW,LOW,INTERNATIONAL,0
193.78,LOW,NONE,DOMESTIC,0
11.06,LOW,NONE,DOMESTIC,0
163.56,LOW,NONE,DOMESTIC,0
177.9,LOW,NONE,DOMESTIC,0
177.19,LOW,NONE,DOMESTIC,0
1487.89,HIGH,NONE,DOMESTIC,1
42.62,LOW,NONE,DOMESTIC,0
72.27,LOW,NONE,DOMESTIC,0
6.47,LOW,NONE,DOMESTIC,0
114.94,LOW,NONE,DOMESTIC,0
128.96,LOW,NONE,DOMESTIC,0
110.52,LOW,NONE,DOMESTIC,0
981.41,MEDIUM,MEDIUM,INTERNATIONAL,0
703.07,MEDIUM,NONE,DOMESTIC,0
244.38,LOW,NONE,DOMESTIC,0
133.39,LOW,NONE,DOMESTIC,0
879.17,MEDIUM,NONE,INTERNATIONAL,0
214.21,LOW,NONE,DOMESTIC,0
72.89,LOW,LOW,DOMESTIC,0
21.69,LOW,NONE,DOMESTIC,0
121.25,LOW,NONE,INTERNATIONAL,1
609.35,MEDIUM,LOW,INTERNATIONAL,0
4755.01,HIGH,NONE,DOMESTIC,0
239.08,LOW,NONE,DOMESTIC,1
78.29,LOW,NONE,DOMESTIC,0
44.43,LOW,NONE,DOMESTIC,0
463.48,LOW,NONE,INTERNATIONAL,0
20.32,LOW,MEDIUM,INTERNATIONAL,1
462.48,LOW,NONE,INTERNATIONAL,0
663.51,MEDIUM,LOW,INTERNATIONAL,1
396.47,LOW,NONE,DOMESTIC,0
163.54,LOW,NONE,INTERNATIONAL,0
471.68,LOW,NONE,DOMESTIC,0
277.1,LOW,NONE,DOMESTIC,0
76.95,LOW,LOW,DOMESTIC,0
2674.95,HIGH,NONE,DOMESTIC,0
136.85,LOW,HIGH,INTERNATIONAL,0
626.97,MEDIUM,NONE,INTERNATIONAL,0
8.4,LOW,NONE,INTERNATIONAL,0
1232.58,HIGH,LOW,INTERNATIONAL,1
1597.92,HIGH,NONE,DOMESTIC,0
229.04,LOW,NONE,DOMESTIC,0
467.77,LOW,NONE,INTERNATIONAL,0
467.6,LOW,NONE,DOMESTIC,0
92.38,LOW,NONE,INTERNATIONAL,0
460.47,LOW,NONE,DOMESTIC,0
73.85,LOW,NONE,DOMESTIC,0
96.72,LOW,LOW,DOMESTIC,0
1007.27,HIGH,NONE,DOMESTIC,0
820.09,MEDIUM,NONE,INTERNATIONAL,0
84.78,LOW,NONE,INTERNATIONAL,0
81.72,LOW,NONE,DOMESTIC,0
92.03,LOW,NONE,DOMESTIC,0
591.52,MEDIUM,NONE,DOMESTIC,0
57.03,LOW,NONE,DOMESTIC,0
356.09,LOW,NONE,DOMESTIC,0
602.97,MEDIUM,NONE,DOMESTIC,0
195.29,LOW,NONE,DOMESTIC,0
860.24,MEDIUM,NONE,DOMESTIC,0
145.88,LOW,NONE,DOMESTIC,0
164.83,LOW,NONE,INTERNATIONAL,0
58.81,LOW,NONE,DOMESTIC,0
868.54,MEDIUM,NONE,DOMESTIC,0
78.17,LOW,NONE,DOMESTIC,0
352.77,LOW,NONE,INTERNATIONAL,0
199.81,LOW,MEDIUM,INTERNATIONAL,0
53.11,LOW,LOW,DOMESTIC,0
96.67,LOW,NONE,DOMESTIC,0
1422.98,HIGH,NONE,INTERNATIONAL,0
288.84,LOW,NONE,DOMESTIC,0
56.33,LOW,NONE,DOMESTIC,0
332.23,LOW,NONE,INTERNATIONAL,0
180.62,LOW,NONE,DOMESTIC,0
23308.89,HIGH,NONE,DOMESTIC,0
323.29,LOW,NONE,INTERNATIONAL,0
131.6,LOW,NONE,DOMESTIC,0
1496.17,HIGH,NONE,DOMESTIC,1
18.32,LOW,NONE,DOMESTIC,0
249.87,LOW,MEDIUM,INTERNATIONAL,0
3249.01,HIGH,NONE,INTERNATIONAL,0
188.06,LOW,NONE,INTERNATIONAL,0
21.19,LOW,NONE,DOMESTIC,0
128.91,LOW,LOW,INTERNATIONAL,0
1567.48,HIGH,MEDIUM,INTERNATIONAL,1
365.52,LOW,HIGH,DOMESTIC,0
70.89,LOW,NONE,DOMESTIC,0
87.23,LOW,NONE,DOMESTIC,0
103.34,LOW,NONE,INTERNATIONAL,0
358.25,LOW,NONE,DOMESTIC,0
1339.69,HIGH,NONE,DOMESTIC,0
910.87,MEDIUM,NONE,INTERNATIONAL,0
407.18,LOW,NONE,INTERNATIONAL,0
36.45,LOW,NONE,INTERNATIONAL,0
36.63,LOW,NONE,DOMESTIC,0
451.93,LOW,NONE,DOMESTIC,0
35.77,LOW,NONE,DOMESTIC,0
162.25,LOW,NONE,DOMESTIC,0
331.7,LOW,NONE,INTERNATIONAL,0
47.36,LOW,NONE,DOMESTIC,0
55.2,LOW,NONE,DOMESTIC,0
193.75,LOW,NONE,DOMESTIC,0
434.22,LOW,NONE,DOMESTIC,0
922.12,MEDIUM,NONE,INTERNATIONAL,0
499.27,LOW,NONE,DOMESTIC,0
243.0,LOW,NONE,DOMESTIC,0
80.34,LOW,NONE,DOMESTIC,0
51.83,LOW,NONE,DOMESTIC,0
110.38,LOW,NONE,DOMESTIC,0
382.62,LOW,NONE,INTERNATIONAL,0
346.56,LOW,NONE,DOMESTIC,0
12.92,LOW,NONE,DOMESTIC,0
76.17,LOW,HIGH,INTERNATIONAL,1
1118.47,HIGH,NONE,DOMESTIC,1
244.83,LOW,NONE,DOMESTIC,0
32.48,LOW,NONE,DOMESTIC,0
5292.18,HIGH,NONE,DOMESTIC,1
211.57,LOW,NONE,DOMESTIC,0
369.62,LOW,NONE,INTERNATIONAL,0
377.28,LOW,HIGH,INTERNATIONAL,0
133.94,LOW,NONE,DOMESTIC,0
82.38,LOW,NONE,DOMESTIC,0
3857.94,HIGH,NONE,DOMESTIC,0
852.31,MEDIUM,NONE,DOMESTIC,0
667.3,MEDIUM,NONE,DOMESTIC,0
478.96,LOW,NONE,DOMESTIC,0
56.78,LOW,LOW,DOMESTIC,0
1234.34,HIGH,NONE,INTERNATIONAL,0
70.48,LOW,NONE,INTERNATIONAL,0
322.49,LOW,NONE,DOMESTIC,0
24.06,LOW,NONE,INTERNATIONAL,0
13.99,LOW,NONE,DOMESTIC,0
338.09,LOW,NONE,INTERNATIONAL,0
73.8,LOW,NONE,DOMESTIC,0
15.0,LOW,NONE,DOMESTIC,0
456.44,LOW,NONE,DOMESTIC,0
3849.65,HIGH,NONE,DOMESTIC,1
1435.88,HIGH,NONE,DOMESTIC,0
155.44,LOW,NONE,DOMESTIC,0
222.64,LOW,NONE,DOMESTIC,0
729.26,MEDIUM,LOW,DOMESTIC,0
1000.75,HIGH,NONE,DOMESTIC,1
138.36,LOW,NONE,DOMESTIC,0
230.39,LOW,NONE,DOMESTIC,0
330.12,LOW,NONE,DOMESTIC,0
464.69,LOW,NONE,DOMESTIC,0
183.82,LOW,NONE,DOMESTIC,0
187.08,LOW,NONE,INTERNATIONAL,0
1417.15,HIGH,NONE,DOMESTIC,0
1126.06,HIGH,NONE,DOMESTIC,1
419.11,LOW,NONE,DOMESTIC,0
2240.43,HIGH,NONE,DOMESTIC,0
130.57,LOW,NONE,DOMESTIC,0
1967.74,HIGH,NONE,DOMESTIC,0
457.61,LOW,NONE,INTERNATIONAL,0
18206.12,HIGH,NONE,DOMESTIC,1
43.98,LOW,NONE,DOMESTIC,0
86.75,LOW,NONE,DOMESTIC,0
387.22,LOW,NONE,DOMESTIC,0
376.11,LOW,MEDIUM,INTERNATIONAL,0
3060.44,HIGH,MEDIUM,DOMESTIC,1
89.24,LOW,NONE,DOMESTIC,0
746.4,MEDIUM,NONE,INTERNATIONAL,0
1056.75,HIGH,NONE,DOMESTIC,0
569.58,MEDIUM,NONE,DOMESTIC,0
60.12,LOW,NONE,INTERNATIONAL,0
1471.59,HIGH,NONE,DOMESTIC,1
1156.57,HIGH,NONE,DOMESTIC,0
494.26,LOW,NONE,INTERNATIONAL,0
289.89,LOW,LOW,DOMESTIC,0
298.53,LOW,NONE,DOMESTIC,0
197.82,LOW,NONE,DOMESTIC,0
522.53,MEDIUM,NONE,DOMESTIC,0
229.44,LOW,NONE,DOMESTIC,0
69.97,LOW,LOW,DOMESTIC,0
53.41,LOW,NONE,DOMESTIC,0
79.71,LOW,NONE,INTERNATIONAL,0
296.93,LOW,NONE,DOMESTIC,0
212.14,LOW,NONE,DOMESTIC,0
294.22,LOW,MEDIUM,INTERNATIONAL,1
432.56,LOW,HIGH,INTERNATIONAL,1
94.32,LOW,MEDIUM,INTERNATIONAL,0
1591.24,HIGH,NONE,INTERNATIONAL,0
153.27,LOW,NONE,DOMESTIC,0
122.55,LOW,NONE,DOMESTIC,0
421.93,LOW,NONE,INTERNATIONAL,0
18.44,LOW,NONE,DOMESTIC,0
75.67,LOW,NONE,DOMESTIC,0
827.22,MEDIUM,NONE,INTERNATIONAL,0
21.08,LOW,NONE,DOMESTIC,0
994.61,MEDIUM,NONE,DOMESTIC,0
1691.99,HIGH,NONE,DOMESTIC,0
133.6,LOW,NONE,DOMESTIC,0
326.22,LOW,NONE,DOMESTIC,0
996.65,MEDIUM,NONE,DOMESTIC,0
117.15,LOW,NONE,INTERNATIONAL,0
709.9,MEDIUM,NONE,DOMESTIC,0
88.91,LOW,NONE,DOMESTIC,0
115.45,LOW,NONE,INTERNATIONAL,0
74.78,LOW,NONE,INTERNATIONAL,0
349.39,LOW,NONE,DOMESTIC,0
1050.36,HIGH,NONE,DOMESTIC,0
171.58,LOW,NONE,DOMESTIC,0
39.55,LOW,NONE,INTERNATIONAL,0
51.01,LOW,NONE,DOMESTIC,0
374.78,LOW,NONE,DOMESTIC,0
2652.31,HIGH,LOW,INTERNATIONAL,0
374.34,LOW,NONE,DOMESTIC,0
130.49,LOW,NONE,DOMESTIC,0
618.92,MEDIUM,NONE,INTERNATIONAL,0
159.22,LOW,NONE,INTERNATIONAL,0
132.02,LOW,NONE,DOMESTIC,0
60.32,LOW,NONE,DOMESTIC,0
1472.97,HIGH,NONE,DOMESTIC,1
7.14,LOW,NONE,DOMESTIC,0
645.96,MEDIUM,NONE,DOMESTIC,0
117.63,LOW,NONE,DOMESTIC,0
126.43,LOW,NONE,DOMESTIC,0
2160.84,HIGH,NONE,DOMESTIC,0
83.89,LOW,NONE,DOMESTIC,0
87.84,LOW,NONE,DOMESTIC,0
184.49,LOW,NONE,DOMESTIC,0
384.65,LOW,NONE,DOMESTIC,0
121.16,LOW,NONE,DOMESTIC,0
26.28,LOW,NONE,DOMESTIC,0
68.37,LOW,LOW,INTERNATIONAL,0
1240.7,HIGH,NONE,INTERNATIONAL,0
243.37,LOW,NONE,DOMESTIC,0
404.48,LOW,NONE,DOMESTIC,0
154.58,LOW,LOW,INTERNATIONAL,0
90.32,LOW,NONE,DOMESTIC,0
2118.25,HIGH,NONE,INTERNATIONAL,1
170.64,LOW,NONE,DOMESTIC,0
120.91,LOW,NONE,DOMESTIC,0
966.25,MEDIUM,NONE,DOMESTIC,0
82.97,LOW,LOW,DOMESTIC,1
98.57,LOW,NONE,DOMESTIC,0
223.06,LOW,NONE,INTERNATIONAL,0
220.08,LOW,NONE,DOMESTIC,0
312.34,LOW,NONE,DOMESTIC,0
3704.79,HIGH,NONE,DOMESTIC,0
346.39,LOW,NONE,INTERNATIONAL,1
8.88,LOW,NONE,DOMESTIC,0
341.77,LOW,NONE,DOMESTIC,0
231.54,LOW,NONE,DOMESTIC,0
233.29,LOW,NONE,DOMESTIC,0
306.63,LOW,NONE,INTERNATIONAL,0
211.65,LOW,NONE,DOMESTIC,0
204.92,LOW,NONE,DOMESTIC,0
503.33,MEDIUM,NONE,INTERNATIONAL,0
105.83,LOW,NONE,DOMESTIC,0
61.21,LOW,NONE,DOMESTIC,0
13039.42,HIGH,NONE,DOMESTIC,0
83.7,LOW,NONE,INTERNATIONAL,0
251.85,LOW,NONE,DOMESTIC,0
29.21,LOW,NONE,DOMESTIC,0
257.46,LOW,NONE,DOMESTIC,0
62.41,LOW,NONE,DOMESTIC,0
121.06,LOW,NONE,DOMESTIC,0
901.87,MEDIUM,NONE,DOMESTIC,0
416.06,LOW,NONE,DOMESTIC,0
473.89,LOW,NONE,DOMESTIC,1
20.14,LOW,LOW,INTERNATIONAL,0
2626.58,HIGH,NONE,DOMESTIC,0
44.02,LOW,NONE,INTERNATIONAL,0
1732.26,HIGH,NONE,DOMESTIC,0
873.68,MEDIUM,NONE,DOMESTIC,0
479.64,LOW,NONE,DOMESTIC,0
69.37,LOW,NONE,DOMESTIC,0
269.96,LOW,NONE,DOMESTIC,0
116.5,LOW,NONE,DOMESTIC,0
228.8,LOW,NONE,INTERNATIONAL,0
157.01,LOW,NONE,INTERNATIONAL,0
14.03,LOW,NONE,DOMESTIC,0
1000.28,HIGH,NONE,DOMESTIC,0
197.18,LOW,NONE,DOMESTIC,0
114.34,LOW,LOW,INTERNATIONAL,0
103.25,LOW,NONE,DOMESTIC,1
356.93,LOW,NONE,DOMESTIC,0
65.83,LOW,NONE,DOMESTIC,1
10.48,LOW,NONE,DOMESTIC,0
381.17,LOW,NONE,DOMESTIC,0
443.38,LOW,NONE,DOMESTIC,0
168.03,LOW,NONE,DOMESTIC,0
46.71,LOW,NONE,DOMESTIC,0
248.06,LOW,NONE,DOMESTIC,0
30.46,LOW,NONE,DOMESTIC,0
54.97,LOW,LOW,INTERNATIONAL,0
79.85,LOW,NONE,DOMESTIC,0
687.42,MEDIUM,MEDIUM,INTERNATIONAL,0
134.84,LOW,NONE,DOMESTIC,0
120.18,LOW,NONE,DOMESTIC,0
3079.31,HIGH,LOW,INTERNATIONAL,1
354.05,LOW,NONE,DOMESTIC,0
347.68,LOW,MEDIUM,INTERNATIONAL,1
133.56,LOW,NONE,DOMESTIC,0
98.35,LOW,NONE,INTERNATIONAL,0
11.5,LOW,NONE,DOMESTIC,0
813.57,MEDIUM,NONE,DOMESTIC,0
402.96,LOW,NONE,DOMESTIC,0
172.73,LOW,NONE,INTERNATIONAL,0
182.8,LOW,NONE,INTERNATIONAL,0
594.32,MEDIUM,NONE,DOMESTIC,0
26.97,LOW,LOW,INTERNATIONAL,0
99.21,LOW,MEDIUM,INTERNATIONAL,0
47.45,LOW,NONE,DOMESTIC,0
2404.66,HIGH,NONE,DOMESTIC,1
717.49,MEDIUM,NONE,DOMESTIC,0
11.25,LOW,HIGH,DOMESTIC,0
28.5,LOW,NONE,DOMESTIC,0
184.0,LOW,NONE,INTERNATIONAL,0
116.26,LOW,NONE,DOMESTIC,0
36.81,LOW,NONE,DOMESTIC,0
3038.31,HIGH,NONE,DOMESTIC,0
335.48,LOW,NONE,DOMESTIC,0
417.64,LOW,NONE,DOMESTIC,1
86.44,LOW,NONE,DOMESTIC,0
583.3,MEDIUM,NONE,DOMESTIC,0
131.64,LOW,NONE,DOMESTIC,0
150.07,LOW,NONE,DOMESTIC,0
501.94,MEDIUM,NONE,INTERNATIONAL,0
24.4,LOW,NONE,DOMESTIC,0
1900.01,HIGH,LOW,DOMESTIC,0
281.42,LOW,LOW,DOMESTIC,0
1240.04,HIGH,NONE,DOMESTIC,0
51.51,LOW,NONE,INTERNATIONAL,0
63.27,LOW,NONE,DOMESTIC,0
45.84,LOW,NONE,INTERNATIONAL,0
308.44,LOW,NONE,INTERNATIONAL,0
240.5,LOW,NONE,DOMESTIC,0
117.53,LOW,NONE,DOMESTIC,1
55.96,LOW,NONE,DOMESTIC,0
39.79,LOW,NONE,INTERNATIONAL,0
206.06,LOW,NONE,DOMESTIC,1
117.34,LOW,NONE,DOMESTIC,0
87.19,LOW,NONE,DOMESTIC,0
1776.14,HIGH,LOW,DOMESTIC,0
196.86,LOW,NONE,DOMESTIC,0
1221.93,HIGH,LOW,DOMESTIC,0
107.1,LOW,NONE,DOMESTIC,0
306.15,LOW,NONE,INTERNATIONAL,0
204.13,LOW,NONE,DOMESTIC,0
22.24,LOW,NONE,DOMESTIC,0
1513.05,HIGH,NONE,DOMESTIC,0
183.31,LOW,NONE,INTERNATIONAL,0
602.62,MEDIUM,NONE,DOMESTIC,0
79.71,LOW,MEDIUM,INTERNATIONAL,1
176.11,LOW,NONE,DOMESTIC,0
68.26,LOW,NONE,INTERNATIONAL,0
1167.04,HIGH,MEDIUM,DOMESTIC,0
334.97,LOW,LOW,DOMESTIC,0
361.1,LOW,NONE,DOMESTIC,0
1376.33,HIGH,LOW,INTERNATIONAL,0
1048.05,HIGH,HIGH,INTERNATIONAL,1
618.22,MEDIUM,NONE,DOMESTIC,0
32.28,LOW,NONE,DOMESTIC,0
86.01,LOW,NONE,DOMESTIC,0
56.73,LOW,NONE,DOMESTIC,0
587.45,MEDIUM,NONE,DOMESTIC,0
277.0,LOW,NONE,DOMESTIC,0
33.66,LOW,NONE,DOMESTIC,0
170.51,LOW,NONE,DOMESTIC,0
29.27,LOW,NONE,INTERNATIONAL,0
204.77,LOW,NONE,DOMESTIC,0
23.54,LOW,NONE,DOMESTIC,0
449.23,LOW,NONE,DOMESTIC,0
366.46,LOW,NONE,DOMESTIC,0
2891.0,HIGH,NONE,DOMESTIC,0
691.08,MEDIUM,NONE,DOMESTIC,0
124.3,LOW,NONE,DOMESTIC,0
663.83,MEDIUM,NONE,DOMESTIC,0
33.34,LOW,NONE,DOMESTIC,0
60.0,LOW,NONE,DOMESTIC,0
344.94,LOW,NONE,DOMESTIC,0
11.94,LOW,HIGH,DOMESTIC,0
209.24,LOW,NONE,DOMESTIC,0
55.49,LOW,NONE,DOMESTIC,0
252.24,LOW,NONE,DOMESTIC,0
51.35,LOW,NONE,DOMESTIC,1
390.08,LOW,NONE,INTERNATIONAL,0
225.82,LOW,NONE,DOMESTIC,0
1456.98,HIGH,MEDIUM,DOMESTIC,1
222.01,LOW,MEDIUM,DOMESTIC,1
77.94,LOW,NONE,DOMESTIC,0
157.64,LOW,NONE,DOMESTIC,0
35.83,LOW,NONE,DOMESTIC,0
380.66,LOW,NONE,DOMESTIC,0
487.81,LOW,NONE,DOMESTIC,0
6167.46,HIGH,NONE,DOMESTIC,0
95.03,LOW,NONE,DOMESTIC,0
153.26,LOW,NONE,DOMESTIC,0
101.12,LOW,NONE,DOMESTIC,0
292.94,LOW,NONE,DOMESTIC,0
368.3,LOW,NONE,DOMESTIC,0
204.71,LOW,NONE,DOMESTIC,0
953.53,MEDIUM,NONE,INTERNATIONAL,0
95.65,LOW,LOW,INTERNATIONAL,0
832.94,MEDIUM,NONE,INTERNATIONAL,0
455.14,LOW,NONE,DOMESTIC,0
216.46,LOW,NONE,DOMESTIC,0
143.81,LOW,NONE,INTERNATIONAL,0
5823.34,HIGH,NONE,DOMESTIC,0
73.02,LOW,HIGH,INTERNATIONAL,0
328.93,LOW,MEDIUM,DOMESTIC,1
79.9,LOW,LOW,INTERNATIONAL,0
2450.91,HIGH,NONE,DOMESTIC,0
728.39,MEDIUM,NONE,DOMESTIC,0
88.05,LOW,NONE,DOMESTIC,0
439.5,LOW,NONE,DOMESTIC,0
311.54,LOW,NONE,DOMESTIC,0
109.53,LOW,NONE,INTERNATIONAL,0
612.26,MEDIUM,NONE,DOMESTIC,0
372.11,LOW,NONE,DOMESTIC,0
294.37,LOW,NONE,DOMESTIC,1
207.9,LOW,NONE,DOMESTIC,1
393.69,LOW,NONE,DOMESTIC,0
299.86,LOW,NONE,DOMESTIC,0
238.27,LOW,MEDIUM,INTERNATIONAL,0
92.6,LOW,NONE,DOMESTIC,0
2165.08,HIGH,NONE,DOMESTIC,1
53.28,LOW,LOW,INTERNATIONAL,0
391.87,LOW,MEDIUM,DOMESTIC,0
142.78,LOW,NONE,INTERNATIONAL,0
2366.14,HIGH,NONE,DOMESTIC,0
64.97,LOW,NONE,DOMESTIC,0
81.53,LOW,NONE,DOMESTIC,0
59.4,LOW,NONE,DOMESTIC,0
340.46,LOW,NONE,DOMESTIC,0
34.47,LOW,NONE,DOMESTIC,0
115.31,LOW,NONE,DOMESTIC,0
12.04,LOW,NONE,DOMESTIC,0
304.36,LOW,NONE,INTERNATIONAL,0
111.98,LOW,NONE,DOMESTIC,0
29.51,LOW,NONE,INTERNATIONAL,0
952.6,MEDIUM,HIGH,INTERNATIONAL,0
37.65,LOW,LOW,INTERNATIONAL,0
645.16,MEDIUM,HIGH,INTERNATIONAL,1
85.39,LOW,NONE,DOMESTIC,0
1911.7,HIGH,NONE,DOMESTIC,0
605.18,MEDIUM,NONE,DOMESTIC,0
56.42,LOW,LOW,INTERNATIONAL,0
63.79,LOW,NONE,DOMESTIC,0
498.24,LOW,NONE,INTERNATIONAL,0
154.38,LOW,NONE,INTERNATIONAL,1
175.04,LOW,NONE,DOMESTIC,0
1225.56,HIGH,NONE,DOMESTIC,0
80.07,LOW,NONE,DOMESTIC,0
248.86,LOW,NONE,DOMESTIC,0
798.21,MEDIUM,NONE,DOMESTIC,0
655.85,MEDIUM,NONE,INTERNATIONAL,0
177.35,LOW,NONE,DOMESTIC,0
148.95,LOW,NONE,DOMESTIC,0
21.04,LOW,NONE,INTERNATIONAL,0
52.86,LOW,NONE,DOMESTIC,0
338.12,LOW,NONE,INTERNATIONAL,0
182.63,LOW,NONE,DOMESTIC,0
243.42,LOW,NONE,INTERNATIONAL,0
894.82,MEDIUM,NONE,DOMESTIC,0
44.29,LOW,NONE,DOMESTIC,0
159.94,LOW,NONE,DOMESTIC,0
283.83,LOW,NONE,DOMESTIC,0
85.03,LOW,NONE,DOMESTIC,0
1519.48,HIGH,NONE,INTERNATIONAL,0
750.11,MEDIUM,NONE,INTERNATIONAL,0
325.48,LOW,NONE,DOMESTIC,0
2479.57,HIGH,NONE,DOMESTIC,1
29.08,LOW,NONE,INTERNATIONAL,0
217.72,LOW,NONE,INTERNATIONAL,0
360.75,LOW,HIGH,DOMESTIC,0
64.01,LOW,NONE,DOMESTIC,0
330.16,LOW,NONE,INTERNATIONAL,0
49.39,LOW,NONE,DOMESTIC,0
558.85,MEDIUM,NONE,DOMESTIC,0
917.55,MEDIUM,NONE,INTERNATIONAL,1
317.75,LOW,NONE,DOMESTIC,0
18.04,LOW,NONE,INTERNATIONAL,0
59.65,LOW,NONE,DOMESTIC,0
471.53,LOW,NONE,INTERNATIONAL,0
226.39,LOW,NONE,INTERNATIONAL,1
5.79,LOW,MEDIUM,INTERNATIONAL,0
1177.85,HIGH,NONE,INTERNATIONAL,0
264.57,LOW,NONE,INTERNATIONAL,0
72.81,LOW,NONE,DOMESTIC,0
842.87,MEDIUM,NONE,INTERNATIONAL,0
88.14,LOW,NONE,INTERNATIONAL,0
86.85,LOW,NONE,DOMESTIC,0
356.88,LOW,LOW,DOMESTIC,0
2435.8,HIGH,NONE,DOMESTIC,0
1969.37,HIGH,NONE,DOMESTIC,0
357.54,LOW,NONE,DOMESTIC,0
410.69,LOW,NONE,DOMESTIC,0
640.44,MEDIUM,NONE,DOMESTIC,0
40.31,LOW,NONE,DOMESTIC,0
524.91,MEDIUM,NONE,DOMESTIC,0
81.67,LOW,HIGH,INTERNATIONAL,0
338.18,LOW,NONE,DOMESTIC,0
161.83,LOW,NONE,DOMESTIC,0
432.79,LOW,NONE,DOMESTIC,0
258.03,LOW,NONE,INTERNATIONAL,0
5.0,LOW,NONE,INTERNATIONAL,0
280.1,LOW,NONE,DOMESTIC,0
523.5,MEDIUM,NONE,DOMESTIC,0
401.67,LOW,NONE,DOMESTIC,0
191.55,LOW,NONE,DOMESTIC,0
2019.38,HIGH,LOW,INTERNATIONAL,1
334.95,LOW,NONE,DOMESTIC,0
397.22,LOW,NONE,DOMESTIC,0
901.17,MEDIUM,NONE,DOMESTIC,0
358.93,LOW,NONE,DOMESTIC,0
65.45,LOW,NONE,DOMESTIC,0
8.18,LOW,NONE,DOMESTIC,0
115.53,LOW,NONE,DOMESTIC,0
614.56,MEDIUM,MEDIUM,DOMESTIC,0
136.59,LOW,NONE,DOMESTIC,0
648.86,MEDIUM,NONE,INTERNATIONAL,0
268.92,LOW,NONE,DOMESTIC,0
1252.02,HIGH,NONE,DOMESTIC,0
147.69,LOW,NONE,DOMESTIC,0
413.6,LOW,NONE,INTERNATIONAL,0
435.53,LOW,NONE,INTERNATIONAL,0
1670.35,HIGH,NONE,INTERNATIONAL,0
21.97,LOW,NONE,DOMESTIC,0
118.48,LOW,NONE,INTERNATIONAL,0
691.68,MEDIUM,NONE,DOMESTIC,0
1773.28,HIGH,MEDIUM,INTERNATIONAL,1
304.21,LOW,NONE,INTERNATIONAL,0
148.19,LOW,NONE,DOMESTIC,0
611.39,MEDIUM,NONE,DOMESTIC,0
710.79,MEDIUM,NONE,DOMESTIC,0
135.38,LOW,NONE,DOMESTIC,0
343.62,LOW,NONE,INTERNATIONAL,1
1082.84,HIGH,NONE,DOMESTIC,0
2823.54,HIGH,MEDIUM,INTERNATIONAL,0
599.53,MEDIUM,NONE,INTERNATIONAL,0
233.51,LOW,NONE,DOMESTIC,0
204.51,LOW,NONE,DOMESTIC,0
466.9,LOW,NONE,DOMESTIC,0
188.19,LOW,LOW,INTERNATIONAL,0
284.19,LOW,NONE,DOMESTIC,0
52.75,LOW,NONE,DOMESTIC,0
1267.31,HIGH,LOW,DOMESTIC,0
47.2,LOW,NONE,INTERNATIONAL,0
122.77,LOW,NONE,DOMESTIC,0
250.98,LOW,NONE,DOMESTIC,0
3233.95,HIGH,NONE,INTERNATIONAL,0
124.34,LOW,NONE,DOMESTIC,0
89.52,LOW,NONE,DOMESTIC,0
104.59,LOW,NONE,DOMESTIC,0
2065.52,HIGH,NONE,DOMESTIC,0
5.0,LOW,NONE,DOMESTIC,0
56.82,LOW,NONE,DOMESTIC,0
8785.58,HIGH,NONE,DOMESTIC,0
488.49,LOW,NONE,DOMESTIC,0
49.43,LOW,NONE,DOMESTIC,0
207.9,LOW,NONE,DOMESTIC,0
240.97,LOW,NONE,DOMESTIC,0
689.45,MEDIUM,HIGH,INTERNATIONAL,1
2635.83,HIGH,LOW,INTERNATIONAL,0
371.73,LOW,NONE,DOMESTIC,0
106.16,LOW,NONE,INTERNATIONAL,0
636.63,MEDIUM,HIGH,INTERNATIONAL,1
85.71,LOW,NONE,DOMESTIC,0
54.52,LOW,NONE,INTERNATIONAL,0
20.45,LOW,NONE,INTERNATIONAL,0
26.59,LOW,NONE,DOMESTIC,0
65.59,LOW,NONE,DOMESTIC,0
44.86,LOW,NONE,DOMESTIC,0
335.79,LOW,NONE,DOMESTIC,0
43.57,LOW,NONE,INTERNATIONAL,0
5.0,LOW,NONE,DOMESTIC,0
53.75,LOW,NONE,DOMESTIC,0
116.35,LOW,NONE,DOMESTIC,0
97.15,LOW,NONE,INTERNATIONAL,0
1711.26,HIGH,NONE,DOMESTIC,0
96.1,LOW,NONE,INTERNATIONAL,0
722.61,MEDIUM,NONE,DOMESTIC,0
214.43,LOW,NONE,DOMESTIC,0
207.79,LOW,NONE,DOMESTIC,0
71.23,LOW,NONE,DOMESTIC,0
203.22,LOW,NONE,DOMESTIC,0
78.32,LOW,NONE,DOMESTIC,0
276.76,LOW,NONE,DOMESTIC,0
159.92,LOW,NONE,DOMESTIC,0
61.46,LOW,LOW,INTERNATIONAL,0
839.4,MEDIUM,NONE,INTERNATIONAL,0
391.45,LOW,NONE,DOMESTIC,0
120.15,LOW,MEDIUM,INTERNATIONAL,0
267.75,LOW,NONE,DOMESTIC,0
196.46,LOW,NONE,DOMESTIC,0
68.2,LOW,NONE,DOMESTIC,0
241.97,LOW,NONE,DOMESTIC,0
95.13,LOW,NONE,INTERNATIONAL,0
61.43,LOW,NONE,DOMESTIC,0
24.6,LOW,NONE,DOMESTIC,0
135.57,LOW,NONE,DOMESTIC,0
472.97,LOW,NONE,DOMESTIC,0
86.13,LOW,NONE,DOMESTIC,0
6611.62,HIGH,NONE,DOMESTIC,0
727.27,MEDIUM,NONE,DOMESTIC,0
1279.82,HIGH,NONE,DOMESTIC,1
643.68,MEDIUM,NONE,DOMESTIC,0
2683.82,HIGH,NONE,INTERNATIONAL,0
76.03,LOW,NONE,DOMESTIC,0
6.94,LOW,NONE,DOMESTIC,0
120.46,LOW,NONE,DOMESTIC,0
467.42,LOW,NONE,DOMESTIC,0
269.93,LOW,NONE,DOMESTIC,0
319.1,LOW,NONE,DOMESTIC,0
1308.79,HIGH,NONE,DOMESTIC,0
368.49,LOW,NONE,DOMESTIC,0
646.88,MEDIUM,NONE,DOMESTIC,0
61.88,LOW,NONE,DOMESTIC,0
50.14,LOW,NONE,DOMESTIC,0
1944.35,HIGH,NONE,DOMESTIC,0
252.1,LOW,NONE,DOMESTIC,0
94.85,LOW,NONE,INTERNATIONAL,0
95.08,LOW,NONE,DOMESTIC,0
91.59,LOW,LOW,INTERNATIONAL,0
84.48,LOW,NONE,DOMESTIC,0
38.91,LOW,NONE,DOMESTIC,0
29.02,LOW,NONE,DOMESTIC,0
169.08,LOW,NONE,INTERNATIONAL,0
98.81,LOW,NONE,DOMESTIC,0
980.73,MEDIUM,NONE,DOMESTIC,1
326.78,LOW,NONE,DOMESTIC,0
314.76,LOW,NONE,DOMESTIC,0
80.67,LOW,NONE,INTERNATIONAL,0
186.84,LOW,NONE,DOMESTIC,0
358.16,LOW,NONE,DOMESTIC,0
578.53,MEDIUM,LOW,DOMESTIC,0
193.81,LOW,NONE,DOMESTIC,0
944.3,MEDIUM,NONE,INTERNATIONAL,1
222.39,LOW,NONE,INTERNATIONAL,0
641.6,MEDIUM,NONE,INTERNATIONAL,0
113.56,LOW,NONE,DOMESTIC,0
19.04,LOW,NONE,DOMESTIC,0
316.05,LOW,NONE,DOMESTIC,0
585.7,MEDIUM,NONE,DOMESTIC,0
478.35,LOW,MEDIUM,INTERNATIONAL,1
389.0,LOW,NONE,DOMESTIC,0
137.42,LOW,NONE,DOMESTIC,0
74.03,LOW,NONE,DOMESTIC,0
463.34,LOW,NONE,INTERNATIONAL,0
391.24,LOW,NONE,DOMESTIC,0
103.17,LOW,NONE,DOMESTIC,0
983.73,MEDIUM,NONE,DOMESTIC,0
66.8,LOW,MEDIUM,INTERNATIONAL,0
100.07,LOW,NONE,DOMESTIC,0
2003.8,HIGH,NONE,DOMESTIC,1
710.67,MEDIUM,NONE,DOMESTIC,0
135.68,LOW,NONE,INTERNATIONAL,0
324.27,LOW,NONE,INTERNATIONAL,0
271.13,LOW,NONE,DOMESTIC,0
5.4,LOW,NONE,DOMESTIC,1
64.71,LOW,NONE,DOMESTIC,1
205.41,LOW,NONE,DOMESTIC,0
135.94,LOW,NONE,DOMESTIC,0
307.11,LOW,NONE,DOMESTIC,0
1010.73,HIGH,NONE,INTERNATIONAL,1
142.53,LOW,NONE,DOMESTIC,0
52.76,LOW,NONE,DOMESTIC,0
341.1,LOW,NONE,DOMESTIC,0
141.55,LOW,NONE,DOMESTIC,0
178.21,LOW,NONE,DOMESTIC,0
148.37,LOW,NONE,DOMESTIC,0
4537.4,HIGH,NONE,DOMESTIC,0
10.68,LOW,NONE,DOMESTIC,0
130.24,LOW,NONE,DOMESTIC,0
218.91,LOW,NONE,DOMESTIC,0
76.64,LOW,NONE,DOMESTIC,0
741.29,MEDIUM,NONE,DOMESTIC,0
659.53,MEDIUM,NONE,DOMESTIC,0
206.26,LOW,NONE,DOMESTIC,0
152.66,LOW,NONE,DOMESTIC,0
189.14,LOW,NONE,DOMESTIC,0
190.98,LOW,NONE,INTERNATIONAL,1
197.91,LOW,NONE,DOMESTIC,0
170.69,LOW,NONE,DOMESTIC,0
309.34,LOW,NONE,DOMESTIC,0
608.18,MEDIUM,NONE,INTERNATIONAL,0
41.79,LOW,NONE,DOMESTIC,0
53.26,LOW,NONE,INTERNATIONAL,0
20.76,LOW,NONE,DOMESTIC,0
708.58,MEDIUM,HIGH,INTERNATIONAL,0
308.45,LOW,NONE,DOMESTIC,0
435.17,LOW,NONE,DOMESTIC,0
31.94,LOW,NONE,DOMESTIC,0
2448.69,HIGH,NONE,DOMESTIC,0
96.71,LOW,HIGH,INTERNATIONAL,1
276.08,LOW,NONE,INTERNATIONAL,0
697.18,MEDIUM,NONE,DOMESTIC,0
58.04,LOW,NONE,DOMESTIC,0
105.22,LOW,NONE,DOMESTIC,0
280.2,LOW,NONE,DOMESTIC,0
10417.23,HIGH,NONE,DOMESTIC,0
330.35,LOW,NONE,DOMESTIC,0
1924.1,HIGH,NONE,DOMESTIC,0
1120.23,HIGH,NONE,INTERNATIONAL,0
361.56,LOW,NONE,INTERNATIONAL,0
57.87,LOW,MEDIUM,INTERNATIONAL,0
919.93,MEDIUM,NONE,DOMESTIC,0
29.11,LOW,NONE,INTERNATIONAL,0
1909.91,HIGH,HIGH,DOMESTIC,1
288.19,LOW,NONE,DOMESTIC,0
6.15,LOW,NONE,DOMESTIC,0
138.93,LOW,MEDIUM,INTERNATIONAL,0
531.9,MEDIUM,NONE,DOMESTIC,0
159.76,LOW,MEDIUM,INTERNATIONAL,1
577.6,MEDIUM,NONE,DOMESTIC,0
69.83,LOW,NONE,INTERNATIONAL,0
37.73,LOW,NONE,DOMESTIC,0
199.77,LOW,NONE,INTERNATIONAL,0
229.58,LOW,NONE,DOMESTIC,0
137.46,LOW,NONE,DOMESTIC,0
1153.4,HIGH,NONE,DOMESTIC,1
69.81,LOW,NONE,DOMESTIC,0
335.76,LOW,NONE,DOMESTIC,0
241.14,LOW,NONE,DOMESTIC,1
26.9,LOW,NONE,DOMESTIC,0
37.07,LOW,NONE,INTERNATIONAL,0
223.57,LOW,NONE,DOMESTIC,0
3191.5,HIGH,NONE,INTERNATIONAL,0
480.89,LOW,NONE,DOMESTIC,0
21.41,LOW,NONE,DOMESTIC,0
5.0,LOW,NONE,INTERNATIONAL,0
591.85,MEDIUM,NONE,DOMESTIC,0
193.2,LOW,NONE,DOMESTIC,0
1026.94,HIGH,NONE,DOMESTIC,0
67.0,LOW,NONE,DOMESTIC,0
352.98,LOW,NONE,DOMESTIC,0
689.5,MEDIUM,NONE,DOMESTIC,0
120.25,LOW,NONE,INTERNATIONAL,1
123.77,LOW,NONE,DOMESTIC,0
227.63,LOW,NONE,DOMESTIC,0
457.71,LOW,NONE,DOMESTIC,0
215.78,LOW,NONE,DOMESTIC,0
819.36,MEDIUM,NONE,DOMESTIC,0
117.92,LOW,NONE,INTERNATIONAL,0
36.61,LOW,NONE,DOMESTIC,0
3173.35,HIGH,NONE,DOMESTIC,0
97.26,LOW,NONE,INTERNATIONAL,0
102.13,LOW,NONE,DOMESTIC,1
201.3,LOW,NONE,DOMESTIC,1
240.89,LOW,NONE,DOMESTIC,0
130.53,LOW,NONE,DOMESTIC,0
214.88,LOW,NONE,DOMESTIC,0
208.5,LOW,MEDIUM,INTERNATIONAL,0
278.56,LOW,NONE,DOMESTIC,1
9.13,LOW,NONE,DOMESTIC,0
2787.25,HIGH,NONE,DOMESTIC,0
180.33,LOW,LOW,INTERNATIONAL,0
481.77,LOW,NONE,DOMESTIC,0
34.23,LOW,NONE,INTERNATIONAL,1
116.49,LOW,NONE,DOMESTIC,0
88.77,LOW,NONE,INTERNATIONAL,0
1599.99,HIGH,NONE,DOMESTIC,0
99.76,LOW,NONE,DOMESTIC,0
612.19,MEDIUM,NONE,DOMESTIC,0
91.43,LOW,NONE,INTERNATIONAL,0
119.41,LOW,NONE,DOMESTIC,0
157.93,LOW,NONE,DOMESTIC,0
1244.91,HIGH,NONE,DOMESTIC,1
17.16,LOW,NONE,DOMESTIC,0
37.24,LOW,LOW,INTERNATIONAL,0
15.88,LOW,NONE,INTERNATIONAL,0
50.68,LOW,NONE,DOMESTIC,1
73.55,LOW,NONE,DOMESTIC,0
24.88,LOW,NONE,DOMESTIC,0
81.66,LOW,NONE,INTERNATIONAL,0
14.49,LOW,NONE,DOMESTIC,0
55.66,LOW,NONE,DOMESTIC,0
1112.31,HIGH,NONE,DOMESTIC,0
379.35,LOW,NONE,DOMESTIC,0
283.36,LOW,NONE,DOMESTIC,0
56.82,LOW,NONE,DOMESTIC,1
27.66,LOW,HIGH,INTERNATIONAL,1
47.26,LOW,NONE,DOMESTIC,0
207.53,LOW,NONE,DOMESTIC,0
710.28,MEDIUM,NONE,DOMESTIC,0
743.84,MEDIUM,NONE,DOMESTIC,0
515.41,MEDIUM,NONE,DOMESTIC,0
81.28,LOW,LOW,DOMESTIC,0
227.41,LOW,LOW,INTERNATIONAL,1
142.57,LOW,NONE,DOMESTIC,0
167.67,LOW,NONE,INTERNATIONAL,0
3441.8,HIGH,NONE,DOMESTIC,0
20.39,LOW,NONE,DOMESTIC,0
160.26,LOW,NONE,DOMESTIC,0
1129.45,HIGH,NONE,DOMESTIC,0
30.41,LOW,NONE,INTERNATIONAL,0
92.26,LOW,NONE,DOMESTIC,0
107.71,LOW,NONE,DOMESTIC,0
162.75,LOW,NONE,DOMESTIC,0
25.51,LOW,NONE,DOMESTIC,0
491.4,LOW,HIGH,INTERNATIONAL,1
540.84,MEDIUM,NONE,DOMESTIC,0
437.0,LOW,NONE,DOMESTIC,0
67.94,LOW,MEDIUM,INTERNATIONAL,0
247.25,LOW,MEDIUM,INTERNATIONAL,0
65.33,LOW,NONE,INTERNATIONAL,0
140.42,LOW,NONE,DOMESTIC,0
4027.13,HIGH,NONE,DOMESTIC,0
250.34,LOW,NONE,DOMESTIC,0
44.28,LOW,NONE,DOMESTIC,0
280.64,LOW,NONE,DOMESTIC,0
35.47,LOW,NONE,DOMESTIC,0
43.6,LOW,NONE,DOMESTIC,0
53.95,LOW,NONE,DOMESTIC,0
120.76,LOW,NONE,DOMESTIC,0
779.41,MEDIUM,NONE,DOMESTIC,0
480.33,LOW,NONE,DOMESTIC,0
445.71,LOW,NONE,DOMESTIC,0
49.9,LOW,NONE,INTERNATIONAL,0
105.94,LOW,NONE,DOMESTIC,1
317.61,LOW,NONE,DOMESTIC,0
94.2,LOW,NONE,DOMESTIC,0
151.08,LOW,NONE,DOMESTIC,0
399.2,LOW,NONE,DOMESTIC,0
137.38,LOW,NONE,DOMESTIC,0
298.51,LOW,HIGH,INTERNATIONAL,0
1889.02,HIGH,NONE,DOMESTIC,0
174.45,LOW,NONE,DOMESTIC,0
1081.1,HIGH,NONE,INTERNATIONAL,0
468.14,LOW,NONE,DOMESTIC,0
30.35,LOW,NONE,DOMESTIC,0
49.69,LOW,NONE,DOMESTIC,0
71.4,LOW,NONE,INTERNATIONAL,0
69.38,LOW,NONE,DOMESTIC,0
194.75,LOW,NONE,DOMESTIC,0
504.41,MEDIUM,MEDIUM,INTERNATIONAL,0
1197.62,HIGH,NONE,DOMESTIC,0
333.51,LOW,NONE,INTERNATIONAL,0
120.54,LOW,NONE,DOMESTIC,0
13.23,LOW,NONE,DOMESTIC,0
242.0,LOW,NONE,DOMESTIC,0
227.79,LOW,NONE,INTERNATIONAL,0
281.63,LOW,NONE,DOMESTIC,0
3778.38,HIGH,NONE,DOMESTIC,0
1174.31,HIGH,NONE,INTERNATIONAL,0
634.9,MEDIUM,NONE,DOMESTIC,0
60.03,LOW,NONE,INTERNATIONAL,0
110.07,LOW,NONE,DOMESTIC,0
193.56,LOW,NONE,DOMESTIC,0
77.23,LOW,NONE,INTERNATIONAL,0
432.36,LOW,NONE,INTERNATIONAL,0
356.19,LOW,NONE,DOMESTIC,0
50.62,LOW,MEDIUM,INTERNATIONAL,0
1106.91,HIGH,NONE,INTERNATIONAL,0
252.58,LOW,MEDIUM,INTERNATIONAL,0
21.31,LOW,NONE,DOMESTIC,0
205.27,LOW,NONE,DOMESTIC,0
321.58,LOW,NONE,DOMESTIC,0
818.03,MEDIUM,NONE,DOMESTIC,0
139.5,LOW,NONE,DOMESTIC,0
672.73,MEDIUM,NONE,DOMESTIC,1
283.23,LOW,NONE,DOMESTIC,0
37.27,LOW,NONE,DOMESTIC,0
32.56,LOW,NONE,DOMESTIC,0
1001.33,HIGH,NONE,DOMESTIC,0
1105.67,HIGH,NONE,DOMESTIC,0
340.21,LOW,NONE,INTERNATIONAL,0
1657.11,HIGH,MEDIUM,DOMESTIC,0
916.03,MEDIUM,NONE,DOMESTIC,0
553.65,MEDIUM,NONE,DOMESTIC,0
64.29,LOW,NONE,DOMESTIC,0
2278.01,HIGH,NONE,DOMESTIC,0
453.79,LOW,MEDIUM,INTERNATIONAL,1
130.68,LOW,NONE,DOMESTIC,0
89.25,LOW,NONE,DOMESTIC,0
311.15,LOW,NONE,DOMESTIC,1
23.05,LOW,MEDIUM,INTERNATIONAL,0
565.77,MEDIUM,NONE,INTERNATIONAL,1
60.72,LOW,NONE,INTERNATIONAL,0
362.84,LOW,MEDIUM,DOMESTIC,0
108.79,LOW,NONE,INTERNATIONAL,0
153.96,LOW,NONE,DOMESTIC,0
79.19,LOW,NONE,DOMESTIC,0
176.97,LOW,NONE,INTERNATIONAL,0
2819.43,HIGH,NONE,DOMESTIC,0
1427.18,HIGH,LOW,INTERNATIONAL,0
355.02,LOW,NONE,DOMESTIC,0
212.61,LOW,NONE,DOMESTIC,0
687.66,MEDIUM,NONE,DOMESTIC,0
1011.4,HIGH,MEDIUM,INTERNATIONAL,1
71.76,LOW,NONE,DOMESTIC,0
198.16,LOW,NONE,INTERNATIONAL,0
18.8,LOW,NONE,DOMESTIC,0
1002.06,HIGH,NONE,INTERNATIONAL,1
3573.89,HIGH,NONE,DOMESTIC,0
245.12,LOW,NONE,DOMESTIC,0
12.49,LOW,NONE,DOMESTIC,0
500.51,MEDIUM,NONE,DOMESTIC,0
64.92,LOW,NONE,DOMESTIC,0
89.85,LOW,NONE,DOMESTIC,0
512.61,MEDIUM,NONE,DOMESTIC,0
310.22,LOW,LOW,INTERNATIONAL,0
113.83,LOW,NONE,DOMESTIC,1
91.53,LOW,MEDIUM,INTERNATIONAL,0
260.74,LOW,NONE,DOMESTIC,1
126.58,LOW,LOW,INTERNATIONAL,0
49.21,LOW,NONE,DOMESTIC,0
140.42,LOW,NONE,DOMESTIC,0
347.96,LOW,NONE,DOMESTIC,0
172.98,LOW,NONE,DOMESTIC,0
32.64,LOW,NONE,DOMESTIC,0
836.2,MEDIUM,NONE,DOMESTIC,0
5.45,LOW,NONE,INTERNATIONAL,0
120.43,LOW,LOW,DOMESTIC,0
95.24,LOW,NONE,DOMESTIC,0
268.72,LOW,NONE,INTERNATIONAL,0
469.6,LOW,NONE,DOMESTIC,0
1007.03,HIGH,NONE,DOMESTIC,0
84.09,LOW,NONE,INTERNATIONAL,0
485.66,LOW,NONE,INTERNATIONAL,1
286.57,LOW,LOW,INTERNATIONAL,0
21.82,LOW,NONE,INTERNATIONAL,0
2862.23,HIGH,NONE,DOMESTIC,0
31.54,LOW,NONE,DOMESTIC,0
387.59,LOW,NONE,DOMESTIC,0
372.44,LOW,NONE,INTERNATIONAL,0
319.17,LOW,NONE,INTERNATIONAL,0
112.84,LOW,NONE,DOMESTIC,0
672.11,MEDIUM,NONE,DOMESTIC,0
26.77,LOW,NONE,DOMESTIC,0
201.29,LOW,HIGH,DOMESTIC,0
102.76,LOW,MEDIUM,INTERNATIONAL,0
88.17,LOW,NONE,DOMESTIC,0
392.46,LOW,NONE,DOMESTIC,0
942.21,MEDIUM,NONE,INTERNATIONAL,0
138.41,LOW,NONE,DOMESTIC,0
631.15,MEDIUM,NONE,DOMESTIC,0
235.28,LOW,NONE,DOMESTIC,0
65.92,LOW,NONE,DOMESTIC,0
